Acorus	Acor_americanus	153819	83497-109521,127795-153819	1-83496	109522-127794
Acorus	Acor_calamus	153821	84150-109846,128125-153821	1-84149	109847-128124
Acorus	Acor_gramineus	152849	82978-108799,127028-152849	1-82977	108800-127027
#Anethum	Ane_graveolens	NA	NA	NA	NA
Angelica	Angeli_acutiloba	147074	93368-111434,129008-147074	1-93367	111435-129007
Angelica	Angeli_dahurica	146918	93605-111423,129100-146918	1-93604	111424-129099
Angelica	Angeli_gigas	146916	93119-111226,128809-146916	1-93118	111227-128808
#Anthriscus	Anthr_cerefolium	NA	NA	NA	NA
#Bupleurum	Bup_falcatum	NA	NA	NA	NA
#Carum	Carum_carvi	NA	NA	NA	NA
#Coriandrum	Cori_sativum	NA	NA	NA	NA
#Daucus	Dau_carota	NA	NA	NA	NA
#Foeniculum	Fo_vulgare	NA	NA	NA	NA
#Ligusticum	Lig_tenuissimum	NA	NA	NA	NA
#Ostericum	Os_grosseserratum	NA	NA	NA	NA
#Pastinaca	Past_pimpinellifolia	NA	NA	NA	NA
#Seseli	Ses_montanum	NA	NA	NA	NA
#Aralia	Aral_undulata	NA	NA	NA	NA
#Brassaiopsis	Brassa_hainla	NA	NA	NA	NA
Dendropanax	Dendrop_dentiger	156687	86681-112609,130759-156687	1-86680	112610-130758
Dendropanax	Dendrop_morbifer	156366	86476-112358,130484-156366	1-86475	112359-130483
#Eleutherococcus	Eleut_senticosus	NA	NA	NA	NA
#Fatsia	Fat_japonica	NA	NA	NA	NA
#Kalopanax	Ka_septemlobus	NA	NA	NA	NA
#Metapanax	Metap_delavayi	NA	NA	NA	NA
Panax	Panax_ginseng	156318	86107-112177,130248-156318	1-86106	112178-130247
Panax	Panax_japonicus	156188	86200-112187,130201-156188	1-86199	112188-130200
#Panax	Panax_notoginseng	156387	NONE	NONE	NONE
Panax	Panax_quinquefolius	156088	86096-112095,130089-156088	1-86095	112096-130088
Panax	Panax_stipuleanatus	156064	86117-112003,130178-156064	1-86116	112004-130177
#Panax	Panax_vietnamensis	155993	NONE	NONE	NONE
#Schefflera	Sche_delavayi	156341	NONE	NONE	NONE
Schefflera	Sche_heptaphylla	156685	86611-112574,130722-156685	1-86610	112575-130721
#Ilex	Il_dumosa	157732	NONE	NONE	NONE
Ilex	Il_paraguariensis	157614	87146-113221,131530-157605	1-87145,157606-157614	113222-131529
#Eustrephus	Eus_latifolius	NA	NA	NA	NA
#Polygonatum	Pol_cyrtonema	153503	NONE	NONE	NONE
#Polygonatum	Pol_sibiricum	152960	NONE	NONE	NONE
#Polygonatum	Pol_verticillatum	154639	NONE	NONE	NONE
Iris	Ir_gatesii	153441	82703-108886,127258-153441	1-82702	108887-127257
Iris	Ir_sanguinea	152408	82341-108366,126383-152408	1-82340	108367-126382
#Aphyllorchis	Aph_montana	NA	NA	NA	NA
#Apostasia	Apos_odorata	NA	NA	NA	NA
Bletilla	Bl_ochracea	157431	85808-112407,130828-157427	1-85807,157428-157431	112408-130827
#Bletilla	Bl_striata	157393	NONE	NONE	NONE
#Calanthe	Cala_triplicata	NA	NA	NA	NA
#Cattleya	Catt_crispata	NA	NA	NA	NA
Cephalanthera	Cephala_humilis	157011	86909-114393,129527-157011	1-86908	114394-129526
Cephalanthera	Cephala_longifolia	161877	88807-115748,134936-161877	1-88806	115749-134935
Corallorhiza	Cora_bulbosa	148643	82852-109563,121932-148643	1-82851	109564-121931
Corallorhiza	Cora_macrantha	151031	84263-111374,123919-151030	1-84262,151031	111375-123918
Corallorhiza	Cora_mertensiana	147941	81110-107638,121413-147941	1-81109	107639-121412
Corallorhiza	Cora_odontorhiza	147317	82260-108034,121543-147317	1-82259	108035-121542
Corallorhiza	Cora_trifida	149384	83092-109027,123448-149383	1-83091,149384	109028-123447
Corallorhiza	Cora_wisteriana	146437	82351-108522,120266-146437	1-82350	108523-120265
#Cymbidium	Cym_aloifolium	156904	MULTI	MULTI	MULTI
Cymbidium	Cym_ensifolium	157484	85781-112790,130475-157484	1-85780	112791-130474
#Cymbidium	Cym_faberi	157262	NONE	NONE	NONE
Cymbidium	Cym_goeringii	157192	85017-111796,129680-156459	1-85016,156460-157192	111797-129679
Cymbidium	Cym_kanran	150217	85027-110716,124528-150217	1-85026	110717-124527
Cymbidium	Cym_lancifolium	149945	84717-110383,124279-149945	1-84716	110384-124278
Cymbidium	Cym_macrorhizon	149850	85179-110631,124398-149850	1-85178	110632-124397
#Cymbidium	Cym_mannii	155308	MULTI	MULTI	MULTI
Cymbidium	Cym_sinense	155548	84921-111399,129070-155548	1-84920	111400-129069
#Cymbidium	Cym_tortisepalum	155627	NONE	NONE	NONE
Cymbidium	Cym_tracyanum	156286	84969-111667,129588-156286	1-84968	111668-129587
Cypripedium	Cyp_formosanum	178131	100974-128552,150474-178053	1-100973,178054-178131	128553-150473
Cypripedium	Cyp_japonicum	174417	97323-124914,146826-174417	1-97322	124915-146825
Cypripedium	Cyp_macranthos	157050	85212-111988,130274-157050	1-85211	111989-130273
Dendrobium	Dendrob_catenatum	152221	85110-111407,125924-152221	1-85109	111408-125923
Dendrobium	Dendrob_chrysotoxum	153953	84980-111436,126253-152709	1-84979,152710-153953	111437-126252
Dendrobium	Dendrob_huoshanense	153188	85403-111927,126452-152976	1-85402,152977-153188	111928-126451
#Dendrobium	Dendrob_nobile	153660	NONE	NONE	NONE
#Dendrobium	Dendrob_pendulum	153038	NONE	NONE	NONE
Dendrobium	Dendrob_strongylanthum	153059	85837-112139,126757-153059	1-85836	112140-126756
#Elleanthus	Ell_sodiroi	NA	NA	NA	NA
Epipactis	Epipa_mairei	159019	86378-113290,132107-159019	1-86377	113291-132106
Epipactis	Epipa_veratrifolia	159719	87044-113954,132809-159719	1-87043	113955-132808
#Epipogium	Epipo_aphyllum	30650	NONE	NONE	NONE
#Epipogium	Epipo_roseum	19047	NONE	NONE	NONE
#Erycina	Ery_pusilla	NA	NA	NA	NA
Goodyera	Goo_fumata	155643	84154-110727,129070-155643	1-84153	110728-129069
#Goodyera	Goo_procera	153240	NONE	NONE	NONE
Goodyera	Goo_schlechtendaliana	154348	83216-109756,127808-154348	1-83215	109757-127807
#Goodyera	Goo_velutina	152692	NONE	NONE	NONE
#Habenaria	Hab_pantlingiana	NA	NA	NA	NA
#Listera	Lis_fugongensis	NA	NA	NA	NA
#Ludisia	Ludi_discolor	NA	NA	NA	NA
Masdevallia	Mas_coccinea	157423	84958-111966,130415-157423	1-84957	111967-130414
Masdevallia	Mas_picturata	156045	84949-111482,129512-156045	1-84948	111483-129511
#Neottia	Neot_acuminata	83190	NONE	NONE	NONE
Neottia	Neot_camtschatea	106385	52961-75036,84310-106385	1-52960	75037-84309
Neottia	Neot_listeroides	110246	45022-72835,82433-110246	1-45021	72836-82432
Neottia	Neot_nidus_avis	92060	36423-60330,68153-92060	1-36422	60331-68152
Neottia	Neot_ovata	156978	85434-112170,130242-156978	1-85433	112171-130241
Neottia	Neot_pinetorum	155959	84450-111153,129256-155959	1-84449	111154-129255
Oncidium	Oncid_hybrid_cultivar	146484	82325-108079,120730-146484	1-82324	108080-120729
Oncidium	Oncid_sphacelatum	147761	83576-109333,122004-147761	1-83575	109334-122003
Paphiopedilum	Pap_armeniacum	162682	91735-125375,129042-162682	1-91734	125376-129041
#Paphiopedilum	Pap_niveum	159108	NONE	NONE	NONE
#Phalaenopsis	Phalae_aphrodite_subsp_formosana	148964	NONE	NONE	NONE
Phalaenopsis	Phalae_equestris	148959	85968-111813,123114-148959	1-85967	111814-123113
#Phalaenopsis	Phalae_hybrid_cultivar	148918	NONE	NONE	NONE
#Phragmipedium	Phragmip_longifolium	NA	NA	NA	NA
#Rhizanthella	Rhi_gardneri	NA	NA	NA	NA
Sobralia	Sob_aff_bouchei_HTK_2015	161543	88685-115696,134532-161543	1-88684	115697-134531
Sobralia	Sob_callosa	161430	88667-115651,134446-161430	1-88666	115652-134445
#Vanilla	Va_planifolia	NA	NA	NA	NA
#Ageratina	Age_adenophora	NA	NA	NA	NA
Artemisia	Arte_argyi	151192	82931-107889,126234-151192	1-82930	107890-126233
Artemisia	Arte_capillaris	151056	82822-107784,126094-151056	1-82821	107785-126093
Artemisia	Arte_frigida	151076	82741-107712,126105-151076	1-82740	107713-126104
Artemisia	Arte_gmelinii	151318	83062-108022,126358-151318	1-83061	108023-126357
Artemisia	Arte_montana	151130	82874-107832,126172-151130	1-82873	107833-126171
#Aster	Aster_spathulifolius	NA	NA	NA	NA
#Carthamus	Cart_tinctorius	NA	NA	NA	NA
#Centaurea	Centa_diffusa	NA	NA	NA	NA
Chrysanthemum	Chrysa_indicum	150972	82732-107688,126008-150964	1-82731,150965-150972	107689-126007
Chrysanthemum	Chrysa_x_morifolium	151033	82781-107733,126081-151033	1-82780	107734-126080
Cynara	Cynara_baetica	152548	83600-108754,127394-152548	1-83599	108755-127393
Cynara	Cynara_cornigera	152550	83581-108735,127396-152550	1-83580	108736-127395
Cynara	Cynara_humilis	152585	83623-108778,127430-152585	1-83622	108779-127429
#Eclipta	Ecl_prostrata	NA	NA	NA	NA
#Guizotia	Gui_abyssinica	NA	NA	NA	NA
Helianthus	Helia_annuus	151104	83531-108163,126472-151104	1-83530	108164-126471
#Helianthus	Helia_argophyllus	151069	MULTI	MULTI	MULTI
#Helianthus	Helia_debilis	151117	MULTI	MULTI	MULTI
Helianthus	Helia_decapetalus	151048	83590-108184,126454-151048	1-83589	108185-126453
Helianthus	Helia_divaricatus	151045	83589-108182,126452-151045	1-83588	108183-126451
Helianthus	Helia_giganteus	151066	83591-108184,126473-151066	1-83590	108185-126472
Helianthus	Helia_grosseserratus	151017	83560-108154,126423-151017	1-83559	108155-126422
Helianthus	Helia_hirsutus	151045	83587-108181,126451-151045	1-83586	108182-126450
Helianthus	Helia_maximiliani	151007	83566-108161,126412-151007	1-83565	108162-126411
Helianthus	Helia_strumosus	151044	83567-108161,126450-151044	1-83566	108162-126449
Helianthus	Helia_tuberosus	151047	83590-108184,126453-151047	1-83589	108185-126452
#Jacobaea	Jac_vulgaris	NA	NA	NA	NA
#Lactuca	Lac_sativa	NA	NA	NA	NA
#Lasthenia	Las_burkei	NA	NA	NA	NA
#Leontopodium	Leo_leiolepis	NA	NA	NA	NA
#Parthenium	Part_argentatum	NA	NA	NA	NA
#Praxelis	Pra_clematidea	NA	NA	NA	NA
#Saussurea	Sau_involucrata	NA	NA	NA	NA
#Silybum	Sily_marianum	NA	NA	NA	NA
Taraxacum	Tar_mongolicum	151451	84053-108481,127023-151451	1-84052	108482-127022
#Taraxacum	Tar_officinale	151324	NONE	NONE	NONE
Taraxacum	Tar_platycarpum	151307	83923-108361,126869-151307	1-83922	108362-126868
Aethionema	Aet_cordifolium	154168	83419-109922,127665-154168	1-83418	109923-127664
Aethionema	Aet_grandiflorum	154243	83489-109983,127749-154243	1-83488	109984-127748
Arabidopsis	Arabid_arenicola	154610	84235-110492,128353-154610	1-84234	110493-128352
Arabidopsis	Arabid_arenosa	154871	84465-110725,128611-154871	1-84464	110726-128610
Arabidopsis	Arabid_cebennensis	154504	84161-110417,128248-154504	1-84160	110418-128247
Arabidopsis	Arabid_croatica	154728	84337-110601,128464-154728	1-84336	110602-128463
Arabidopsis	Arabid_neglecta	154799	84398-110657,128540-154799	1-84397	110658-128539
Arabidopsis	Arabid_pedemontana	154895	84479-110750,128624-154895	1-84478	110751-128623
Arabidopsis	Arabid_petrogena	154865	84479-110734,128610-154865	1-84478	110735-128609
Arabidopsis	Arabid_suecica	154366	84094-110352,128108-154366	1-84093	110353-128107
Arabidopsis	Arabid_thaliana	154478	84171-110434,128215-154478	1-84170	110435-128214
Arabidopsis	Arabid_umezawana	154645	84252-110512,128385-154645	1-84251	110513-128384
Arabis	Arabis_alpina	152866	82340-108634,126572-152866	1-82339	108635-126571
Arabis	Arabis_hirsuta	153689	82820-109236,127273-153689	1-82819	109237-127272
#Barbarea	Bar_verna	NA	NA	NA	NA
Brassica	Brassi_juncea	153483	83287-109497,127273-153483	1-83286	109498-127272
Brassica	Brassi_napus	152860	83031-109065,126826-152860	1-83030	109066-126825
Brassica	Brassi_nigra	153633	83553-109745,127441-153633	1-83552	109746-127440
Brassica	Brassi_rapa_subsp_pekinensis	153482	83282-109494,127270-153482	1-83281	109495-127269
#Cakile	Cak_arabica	NA	NA	NA	NA
#Camelina	Cameli_sativa	NA	NA	NA	NA
Capsella	Capse_bursa_pastoris	154490	83742-110192,128040-154490	1-83741	110193-128039
Capsella	Capse_grandiflora	154638	83880-110341,128177-154638	1-83879	110342-128176
Capsella	Capse_rubella	154601	83823-110284,128140-154601	1-83822	110285-128139
Cardamine	Card_impatiens	155611	84711-111186,129136-155611	1-84710	111187-129135
Cardamine	Card_resedifolia	155036	84166-110667,128535-155036	1-84165	110668-128534
Cochlearia	Coc_borzaeana	154599	83661-110059,128201-154599	1-83660	110060-128200
#Cochlearia	Coc_islandica	154570	NONE	NONE	NONE
Cochlearia	Coc_pyrenaica	154569	83624-110020,128173-154569	1-83623	110021-128172
#Cochlearia	Coc_tridactylites	154718	MULTI	MULTI	MULTI
#Crucihimalaya	Cru_wallichii	NA	NA	NA	NA
#Draba	Dr_nemorosa	NA	NA	NA	NA
#Eutrema	Eut_botschantzevii	153279	NONE	NONE	NONE
#Eutrema	Eut_halophilum	153311	NONE	NONE	NONE
#Eutrema	Eut_heterophyllum	153876	NONE	NONE	NONE
Eutrema	Eut_salsugineum	153407	83896-109847,127456-153407	1-83895	109848-127455
#Eutrema	Eut_yunnanense	153948	NONE	NONE	NONE
#Ionopsidium	Ion_acaule	NA	NA	NA	NA
#Isatis	Isat_tinctoria	NA	NA	NA	NA
#Lepidium	Lep_virginicum	NA	NA	NA	NA
#Lobularia	Lobu_maritima	NA	NA	NA	NA
#Nasturtium	Nas_officinale	NA	NA	NA	NA
#Olimarabidopsis	Olim_pumila	NA	NA	NA	NA
#Pachycladon	Pachyc_cheesemanii	154498	MULTI	MULTI	MULTI
#Pachycladon	Pachyc_enysii	154896	MULTI	MULTI	MULTI
Pachycladon	Pachyc_fastigiatum	154492	83899-110179,128212-154492	1-83898	110180-128211
Pugionium	Pug_cornutum	154992	84105-110541,128556-154992	1-84104	110542-128555
Pugionium	Pug_dolabratum	155002	84098-110534,128566-155002	1-84097	110535-128565
#Raphanus	Rap_sativus	NA	NA	NA	NA
#Schrenkiella	Schr_parvula	NA	NA	NA	NA
#Agrostemma	Agroste_githago	NA	NA	NA	NA
#Colobanthus	Colo_quitensis	NA	NA	NA	NA
Silene	Sile_chalcedonica	148081	83170-106709,124542-148081	1-83169	106710-124541
Silene	Sile_conica	147208	80130-106987,120351-147208	1-80129	106988-120350
Silene	Sile_conoidea	147896	80898-107725,121069-147896	1-80897	107726-121068
Silene	Sile_latifolia	151736	82705-108610,125831-151736	1-82704	108611-125830
Silene	Sile_noctiflora	151639	79476-109366,121749-151639	1-79475	109367-121748
Silene	Sile_paradoxa	151632	82507-107960,126179-151632	1-82506	107961-126178
Silene	Sile_vulgaris	151583	82259-108266,125576-151583	1-82258	108267-125575
Haloxylon	Hal_ammodendron	151570	84215-108373,127412-151570	1-84214	108374-127411
Haloxylon	Hal_persicum	151586	84218-108382,127422-151586	1-84217	108383-127421
Salicornia	Salic_bigelovii	153076	84096-108917,127865-152686	1-84095,152687-153076	108918-127864
Salicornia	Salic_brachiata	153324	84250-109193,128014-152957	1-84249,152958-153324	109194-128013
Salicornia	Salic_europaea	153232	84184-109085,127941-152842	1-84183,152843-153232	109086-127940
#Spinacia	Spi_oleracea	NA	NA	NA	NA
#Fagopyrum	Fag_esculentum_subsp_ancestrale	159599	NONE	NONE	NONE
Fagopyrum	Fag_tataricum	159272	84398-115214,128456-159272	1-84397	115215-128455
#Rheum	Rhe_palmatum	NA	NA	NA	NA
Chloranthus	Chlora_japonicus	158640	87670-113818,132437-158585	1-87669,158586-158640	113819-132436
Chloranthus	Chlora_spicatus	157772	87049-113181,131580-157712	1-87048,157713-157772	113182-131579
#Pilostyles	Pil_aethiopica	11348	NONE	NONE	NONE
#Pilostyles	Pil_hamiltonii	15167	NONE	NONE	NONE
#Cucumis	Cuc_hystrix	155031	MULTI	MULTI	MULTI
Cucumis	Cuc_melo_subsp_melo	156017	86335-112131,130221-156017	1-86334	112132-130220
#Cucumis	Cuc_sativus	155293	MULTI	MULTI	MULTI
#Gynostemma	Gynos_pentaphyllum	NA	NA	NA	NA
#Dioscorea	Diosc_cayennensis_subsp_rotundata	155406	MULTI	MULTI	MULTI
Dioscorea	Diosc_elephantipes	152609	82778-108286,127101-152609	1-82777	108287-127100
#Dioscorea	Diosc_zingiberensis	153970	NONE	NONE	NONE
Actinidia	Act_chinensis	156346	87986-111998,132334-156346	1-87985	111999-132333
Actinidia	Act_deliciosa	156741	88269-112339,132671-156741	1-88268	112340-132670
Actinidia	Act_polygama	156583	88569-112377,132775-156583	1-88568	112378-132774
Actinidia	Act_tetramera	157659	89573-113330,133865-157659	1-89572	113331-133864
Diospyros	Diosp_glaucifolia	157593	86975-113077,131491-157593	1-86974	113078-131490
#Diospyros	Diosp_kaki	157784	MULTI	MULTI	MULTI
Diospyros	Diosp_lotus	157590	86945-113059,131476-157590	1-86944	113060-131475
Diospyros	Diosp_oleifera	157724	87057-113129,131652-157724	1-87056	113130-131651
#Ardisia	Ard_polysticta	NA	NA	NA	NA
#Lysimachia	Ly_coreana	NA	NA	NA	NA
#Primula	Prim_poissonii	151664	NONE	NONE	NONE
Primula	Prim_sinensis	150859	82065-107599,125325-150859	1-82064	107600-125324
#Primula	Prim_veris	150856	NONE	NONE	NONE
Camellia	Camell_crapnelliana	156997	86656-112623,131030-156997	1-86655	112624-131029
Camellia	Camell_cuspidata	156618	86295-112319,130594-156618	1-86294	112320-130593
#Camellia	Camell_danzaiensis	156576	MULTI	MULTI	MULTI
#Camellia	Camell_grandibracteata	157127	NONE	NONE	NONE
Camellia	Camell_impressinervis	156892	86579-112619,130852-156892	1-86578	112620-130851
Camellia	Camell_leptophylla	157102	86648-112737,131013-157102	1-86647	112738-131012
#Camellia	Camell_oleifera	156971	MULTI	MULTI	MULTI
Camellia	Camell_petelotii	157121	86660-112749,131032-157121	1-86659	112750-131031
#Camellia	Camell_pitardii	156585	NONE	NONE	NONE
#Camellia	Camell_pubicosta	157076	NONE	NONE	NONE
#Camellia	Camell_reticulata	156971	MULTI	MULTI	MULTI
Camellia	Camell_sinensis	157103	86646-112736,131013-157103	1-86645	112737-131012
#Camellia	Camell_taliensis	156974	NONE	NONE	NONE
Camellia	Camell_yunnanensis	156592	86237-112268,130561-156592	1-86236	112269-130560
#Acacia	Aca_ligulata	NA	NA	NA	NA
#Apios	Api_americana	NA	NA	NA	NA
#Arachis	Arac_hypogaea	NA	NA	NA	NA
#Astragalus	Astra_mongholicus	123582	NONE	NONE	NONE
#Astragalus	Astra_nakaianus	123633	NONE	NONE	NONE
#Cajanus	Caj_cajan	NA	NA	NA	NA
#Ceratonia	Cerat_siliqua	NA	NA	NA	NA
#Cicer	Cic_arietinum	NA	NA	NA	NA
Glycine	Glyci_canescens	152518	83580-109109,126982-152511	1-83579,152512-152518	109110-126981
Glycine	Glyci_cyrtoloba	152381	83575-109059,126890-152374	1-83574,152375-152381	109060-126889
#Glycine	Glyci_dolichocarpa	152804	NONE	NONE	NONE
Glycine	Glyci_falcata	153023	84034-109586,127462-153014	1-84033,153015-153023	109587-127461
Glycine	Glyci_gracilis	152218	83176-108749,126645-152218	1-83175	108750-126644
Glycine	Glyci_max	152218	83176-108749,126645-152218	1-83175	108750-126644
Glycine	Glyci_soja	152217	83175-108748,126644-152217	1-83174	108749-126643
#Glycine	Glyci_stenophita	152618	MULTI	MULTI	MULTI
#Glycine	Glyci_syndetika	152783	NONE	NONE	NONE
Glycine	Glyci_tomentella	152728	83778-109320,127179-152721	1-83777,152722-152728	109321-127178
#Glycyrrhiza	Glycy_glabra	NA	NA	NA	NA
#Haematoxylum	Hae_brasiletto	NA	NA	NA	NA
#Indigofera	Indi_tinctoria	NA	NA	NA	NA
#Inga	Inga_leiocalycina	NA	NA	NA	NA
#Lathyrus	Lathy_clymenum	121263	NONE	NONE	NONE
#Lathyrus	Lathy_davidii	123895	NONE	NONE	NONE
#Lathyrus	Lathy_graminifolius	122438	NONE	NONE	NONE
#Lathyrus	Lathy_inconspicuus	123153	NONE	NONE	NONE
#Lathyrus	Lathy_japonicus	124242	NONE	NONE	NONE
#Lathyrus	Lathy_littoralis	123734	NONE	NONE	NONE
#Lathyrus	Lathy_ochroleucus	123911	NONE	NONE	NONE
#Lathyrus	Lathy_odoratus	120289	NONE	NONE	NONE
#Lathyrus	Lathy_palustris	124287	NONE	NONE	NONE
Lathyrus	Lathy_pubescens	126421	30328-31405,106416-107493	31406-106415	1-30327,107494-126421
#Lathyrus	Lathy_sativus	121020	NONE	NONE	NONE
#Lathyrus	Lathy_tingitanus	122165	NONE	NONE	NONE
#Lathyrus	Lathy_venosus	125459	NONE	NONE	NONE
#Lens	Lens_culinaris	NA	NA	NA	NA
#Leucaena	Leu_trichandra	NA	NA	NA	NA
#Libidibia	Lib_coriaria	NA	NA	NA	NA
#Lotus	Lot_japonicus	NA	NA	NA	NA
Lupinus	Lup_albus	154140	82267-110321,126086-154140	1-82266	110322-126085
Lupinus	Lup_luteus	151894	82328-108187,126035-151894	1-82327	108188-126034
#Medicago	Med_hybrida	125208	NONE	NONE	NONE
#Medicago	Med_papillosa	125203	NONE	NONE	NONE
#Medicago	Med_truncatula	124033	NONE	NONE	NONE
#Millettia	Mil_pinnata	NA	NA	NA	NA
#Pachyrhizus	Pachyr_erosus	NA	NA	NA	NA
#Phaseolus	Phas_vulgaris	NA	NA	NA	NA
#Pisum	Pis_sativum	NA	NA	NA	NA
#Prosopis	Pro_glandulosa	NA	NA	NA	NA
#Robinia	Rob_pseudoacacia	NA	NA	NA	NA
#Senna	Sen_tora	NA	NA	NA	NA
#Tamarindus	Tam_indica	NA	NA	NA	NA
#Trifolium	Trif_aureum	126970	NONE	NONE	NONE
#Trifolium	Trif_boissieri	125740	NONE	NONE	NONE
#Trifolium	Trif_glanduliferum	126149	NONE	NONE	NONE
#Trifolium	Trif_grandiflorum	125628	NONE	NONE	NONE
#Trifolium	Trif_meduseum	142595	NONE	NONE	NONE
Trifolium	Trif_repens	132120	1766-2895,83370-84499	2896-83369	1-1765,84500-132120
#Trifolium	Trif_strictum	125834	NONE	NONE	NONE
#Trifolium	Trif_subterraneum	144763	MULTI	MULTI	MULTI
#Vicia	Vic_sativa	NA	NA	NA	NA
Vigna	Vig_angularis	151683	81285-107747,125221-151683	1-81284	107748-125220
Vigna	Vig_radiata	151271	80899-107372,124798-151271	1-80898	107373-124797
#Vigna	Vig_unguiculata	152415	NONE	NONE	NONE
#Wisteria	Wis_floribunda	130960	NONE	NONE	NONE
#Wisteria	Wis_sinensis	130561	NONE	NONE	NONE
#Castanea	Castanea_mollissima	NA	NA	NA	NA
#Castanopsis	Castano_echinocarpa	NA	NA	NA	NA
#Lithocarpus	Litho_balansae	NA	NA	NA	NA
Quercus	Q_aliena	160921	90259-116099,135081-160921	1-90258	116100-135080
Quercus	Q_aquifolioides	160415	89818-115658,134552-160392	1-89817,160393-160415	115659-134551
Quercus	Q_baronii	161072	90342-116184,135230-161072	1-90341	116185-135229
Quercus	Q_dolicholepis	161237	90462-116325,135374-161237	1-90461	116326-135373
Quercus	Q_rubra	161304	90542-116412,135434-161304	1-90541	116413-135433
#Quercus	Q_spinosa	160825	MULTI	MULTI	MULTI
Quercus	Q_variabilis	161077	90388-116204,135261-161077	1-90387	116205-135260
#Trigonobalanus	Trig_doichangensis	NA	NA	NA	NA
#Juglans	Jug_regia	160537	NONE	NONE	NONE
Juglans	Jug_sigillata	160350	89873-115908,134315-160350	1-89872	115909-134314
Asclepias	Asc_nivea	161592	91872-117346,136118-161592	1-91871	117347-136117
Asclepias	Asc_syriaca	158719	89348-114747,133320-158719	1-89347	114748-133319
#Catharanthus	Cathar_roseus	NA	NA	NA	NA
Cynanchum	Cynan_auriculatum	160840	91974-116573,136241-160840	1-91973	116574-136240
Cynanchum	Cynan_wilfordii	161241	91996-116653,136584-161241	1-91995	116654-136583
#Echites	Echit_umbellatus	NA	NA	NA	NA
#Nerium	Ner_oleander	NA	NA	NA	NA
#Oncinotis	Oncin_tenuiloba	NA	NA	NA	NA
#Pentalinon	Pental_luteum	NA	NA	NA	NA
#Rhazya	Rha_stricta	NA	NA	NA	NA
Gentiana	Gent_crassicaulis	148776	81165-106435,123506-148776	1-81164	106436-123505
Gentiana	Gent_straminea	148991	81241-106573,123659-148991	1-81240	106574-123658
Gentiana	Gent_tibetica	148765	81164-106429,123500-148765	1-81163	106430-123499
#Swertia	Sw_mussotii	NA	NA	NA	NA
#Coffea	Cof_arabica	155189	NONE	NONE	NONE
#Coffea	Cof_canephora	154751	NONE	NONE	NONE
Gynochthodes	Gynoc_nanlingensis	154086	84330-110151,128265-154086	1-84329	110152-128264
Gynochthodes	Gynoc_officinalis	153398	83718-109778,127341-153398	1-83717	109779-127340
Erodium	Ero_absinthoides	162618	37395-82884,117129-162618	1-37394	82885-117128
#Erodium	Ero_carvifolium	116935	NONE	NONE	NONE
#Erodium	Ero_chrysanthum	168946	MULTI	MULTI	MULTI
#Erodium	Ero_crassifolium	121393	NONE	NONE	NONE
#Erodium	Ero_gruinum	142208	NONE	NONE	NONE
#Erodium	Ero_manescavi	116810	NONE	NONE	NONE
#Erodium	Ero_reichardii	117753	NONE	NONE	NONE
#Erodium	Ero_rupestre	116810	NONE	NONE	NONE
#Erodium	Ero_texanum	130812	NONE	NONE	NONE
#Erodium	Ero_trifolium	123865	NONE	NONE	NONE
#Geranium	Ger_incanum	166252	NONE	NONE	NONE
#Geranium	Ger_maderense	155694	MULTI	MULTI	MULTI
#Geranium	Ger_palmatum	155794	MULTI	MULTI	MULTI
#Hypseocharis	Hyps_bilobata	NA	NA	NA	NA
#Monsonia	Mons_emarginata	156877	MULTI	MULTI	MULTI
#Monsonia	Mons_marlothii	134416	NONE	NONE	NONE
Monsonia	Mons_speciosa	128787	107861-115173,121475-128787	1-107860	115174-121474
Pelargonium	Pel_alternans	173374	90512-128545,135341-173374	1-90511	128546-135340
Pelargonium	Pel_australe	165508	86320-122532,129296-165508	1-86319	122533-129295
Pelargonium	Pel_citronellum	171223	87854-126156,132921-171223	1-87853	126157-132920
Pelargonium	Pel_cotyledonis	166111	86777-123074,129814-166111	1-86776	123075-129813
Pelargonium	Pel_cucullatum	170963	87906-126045,132824-170963	1-87905	126046-132823
Pelargonium	Pel_dichondrifolium	167836	89290-125161,131965-167836	1-89289	125162-131964
Pelargonium	Pel_dolomiticum	202749	42160-119095,125814-202749	1-42159	119096-125813
Pelargonium	Pel_echinatum	170212	87165-125319,132058-170212	1-87164	125320-132057
Pelargonium	Pel_exhibens	171665	73631-119268,126028-171665	1-73630	119269-126027
Pelargonium	Pel_exstipulatum	168732	90007-125958,132781-168732	1-90006	125959-132780
Pelargonium	Pel_fulgidum	171502	88660-126695,133467-171502	1-88659	126696-133466
Pelargonium	Pel_incrassatum	173196	90317-128372,135141-173196	1-90316	128373-135140
Pelargonium	Pel_myrrhifolium	173272	75868-121182,127958-173272	1-75867	121183-127957
Pelargonium	Pel_nanum	173496	89721-128181,135036-173496	1-89720	128182-135035
Pelargonium	Pel_quercifolium	170569	87544-125706,132407-170569	1-87543	125707-132406
Pelargonium	Pel_tetragonum	173410	75182-120918,127674-173410	1-75181	120919-127673
#Pelargonium	Pel_transvaalense	242575	MULTI	MULTI	MULTI
Pelargonium	Pel_trifidum	199553	43831-118344,125040-199553	1-43830	118345-125039
#Pelargonium	Pel_x_hortorum	217942	MULTI	MULTI	MULTI
#Ajuga	Aj_reptans	NA	NA	NA	NA
#Haplostachys	Hap_haplostachya	NA	NA	NA	NA
#Lavandula	Lav_angustifolia	NA	NA	NA	NA
Perilla	Peri_citriodora	152588	83700-109375,126913-152588	1-83699	109376-126912
Perilla	Peri_frutescens	152602	83706-109381,126927-152602	1-83705	109382-126926
Perilla	Peri_setoyensis	152656	83758-109433,126981-152656	1-83757	109434-126980
#Phyllostegia	Phylloste_velutina	NA	NA	NA	NA
Pogostemon	Pogos_stellatus	151824	83013-108656,126181-151824	1-83012	108657-126180
Pogostemon	Pogos_yatabeanus	152707	83792-109465,127034-152707	1-83791	109466-127033
#Premna	Pre_microphylla	NA	NA	NA	NA
#Rosmarinus	Ros_officinalis	NA	NA	NA	NA
#Salvia	Salv_miltiorrhiza	NA	NA	NA	NA
#Scutellaria	Scu_baicalensis	152731	NONE	NONE	NONE
Scutellaria	Scu_insignis	151908	83914-109152,126670-151908	1-83913	109153-126669
#Stachys	Sta_byzantina	149749	NONE	NONE	NONE
#Stachys	Sta_chamissonis	150254	MULTI	MULTI	MULTI
#Stachys	Sta_coccinea	150275	MULTI	MULTI	MULTI
#Stachys	Sta_sylvatica	150167	MULTI	MULTI	MULTI
Stenogyne	Sten_bifida	150129	81752-107192,124688-150128	1-81751,150129	107193-124687
Stenogyne	Sten_haliakalae	149736	81365-106800,124300-149735	1-81364,149736	106801-124299
Stenogyne	Sten_kanehoana	150115	81738-107178,124674-150114	1-81737,150115	107179-124673
#Tectona	Tec_grandis	NA	NA	NA	NA
#Genlisea	Genl_margaretae	NA	NA	NA	NA
#Pinguicula	Ping_ehlersiae	NA	NA	NA	NA
#Utricularia	Ut_gibba	152113	NONE	NONE	NONE
#Utricularia	Ut_macrorhiza	153228	MULTI	MULTI	MULTI
Utricularia	Ut_reniformis	139725	1-24064,36726-60789	60790-139725	24065-36725
#Abeliophyllum	Abe_distichum	NA	NA	NA	NA
#Hesperelaea	Hespere_palmeri	NA	NA	NA	NA
#Jasminum	Jas_nudiflorum	NA	NA	NA	NA
#Olea	Olea_europaea	155888	NONE	NONE	NONE
Olea	Olea_europaea_subsp_cuspidata	155862	86613-112343,130132-155862	1-86612	112344-130131
Olea	Olea_europaea_subsp_europaea	155875	86605-112346,130134-155875	1-86604	112347-130133
Olea	Olea_europaea_subsp_maroccana	155896	86624-112365,130155-155896	1-86623	112366-130154
Olea	Olea_woodiana_subsp_woodiana	155942	86712-112427,130227-155942	1-86711	112428-130226
#Boulardia	Boul_latisquama	NA	NA	NA	NA
Cistanche	Cis_deserticola	102657	1-22354,31174-53527	53528-102657	22355-31173
#Cistanche	Cis_phelypaea	94380	NONE	NONE	NONE
#Conopholis	Con_americana	NA	NA	NA	NA
#Epifagus	Epif_virginiana	NA	NA	NA	NA
#Lathraea	Lathr_squamaria	NA	NA	NA	NA
#Lindenbergia	Lin_philippensis	NA	NA	NA	NA
#Orobanche	Oro_austrohispanica	81994	NONE	NONE	NONE
#Orobanche	Oro_californica	120840	MULTI	MULTI	MULTI
#Orobanche	Oro_crenata	87529	NONE	NONE	NONE
#Orobanche	Oro_densiflora	83024	NONE	NONE	NONE
Orobanche	Oro_gracilis	65533	35074-40004,47107-52036	1-35073,52037-65533	40005-47106
#Orobanche	Oro_pancicii	88525	NONE	NONE	NONE
#Orobanche	Oro_rapum_genistae	91517	NONE	NONE	NONE
#Pedicularis	Pedic_ishidoyana	NA	NA	NA	NA
#Phelipanche	Phe_purpurea	62891	MULTI	MULTI	MULTI
#Phelipanche	Phe_ramosa	62304	NONE	NONE	NONE
#Schwalbea	Schw_americana	NA	NA	NA	NA
Paulownia	Pau_coreana	154545	85242-111025,128762-154545	1-85241	111026-128761
Paulownia	Pau_tomentosa	154540	85237-111020,128757-154540	1-85236	111021-128756
Plantago	Plan_maritima	158358	82224-115958,124624-158358	1-82223	115959-124623
Plantago	Plan_media	164130	82758-121155,125733-164130	1-82757	121156-125732
Veronica	Veronica_nakaiana	152319	83196-108906,126609-152319	1-83195	108907-126608
Veronica	Veronica_persica	150198	81851-107315,124734-150198	1-81850	107316-124733
#Veronicastrum	sibiricum	NA	NA	NA	NA
Scrophularia	Scr_buergeriana	153631	84455-110078,128008-153631	1-84454	110079-128007
Scrophularia	Scr_takesimensis	152425	83532-109009,126948-152425	1-83531	109010-126947
Machilus	Mac_balansae	152721	93677-113750,132648-152721	1-93676	113751-132647
Machilus	Mac_yunnanensis	152622	93676-113749,132549-152622	1-93675	113750-132548
#Persea	Pers_americana	NA	NA	NA	NA
#Phoebe	Pho_omeiensis	152855	NONE	NONE	NONE
Phoebe	Pho_sheareri	152876	93894-113927,132843-152876	1-93893	113928-132842
#Fritillaria	Fri_cirrhosa	151991	MULTI	MULTI	MULTI
Fritillaria	Fri_hupehensis	152145	81899-108245,125799-152145	1-81898	108246-125798
Fritillaria	Fri_taipaiensis	151693	81472-107806,125359-151693	1-81471	107807-125358
#Lilium	Lil_distichum	152598	NONE	NONE	NONE
Lilium	Lil_hansonii	152655	82052-108543,126164-152655	1-82051	108544-126163
Lilium	Lil_sp_KHK_2014	152715	82066-108581,126200-152715	1-82065	108582-126199
Lilium	Lil_superbum	152069	81403-108021,125387-152005	1-81402,152006-152069	108022-125386
Lilium	Lil_tsingtauense	152710	82060-108575,126195-152710	1-82059	108576-126194
#Heloniopsis	Helo_tubiflora	NA	NA	NA	NA
#Paris	Paris_verticillata	NA	NA	NA	NA
#Trillium	Tril_cuneatum	156610	NONE	NONE	NONE
Trillium	Tril_decumbens	158552	85412-112120,131844-158552	1-85411	112121-131843
#Trillium	Tril_maculatum	157359	NONE	NONE	NONE
Trillium	Tril_tschonoskii	156852	83982-110482,130352-156852	1-83981	110483-130351
#Veratrum	Vera_patulum	NA	NA	NA	NA
#Xerophyllum	X_tenax	NA	NA	NA	NA
Liriodendron	Lir_chinense	159429	87767-114099,133097-159429	1-87766	114100-133096
Liriodendron	Lir_tulipifera	159886	88151-114536,133501-159886	1-88150	114537-133500
Magnolia	Magno_cathcartii	159950	88143-114651,133442-159950	1-88142	114652-133441
Magnolia	Magno_dealbata	160002	88089-114675,133416-160002	1-88088	114676-133415
Magnolia	Magno_denudata	160053	88102-114691,133464-160053	1-88101	114692-133463
Magnolia	Magno_grandiflora	159623	87758-114320,133061-159623	1-87757	114321-133060
Magnolia	Magno_kobus	159443	87485-114072,132856-159443	1-87484	114073-132855
Magnolia	Magno_kwangsiensis	159667	88031-114514,133184-159667	1-88030	114515-133183
Magnolia	Magno_liliifera	158177	88134-113784,132527-158177	1-88133	113785-132526
Magnolia	Magno_officinalis	160183	88211-114775,133619-160183	1-88210	114776-133618
#Magnolia	Magno_officinalis_subsp_biloba	160105	NONE	NONE	NONE
Magnolia	Magno_pyramidata	160025	88044-114640,133429-160025	1-88043	114641-133428
Magnolia	Magno_salicifolia	160093	88144-114734,133503-160093	1-88143	114735-133502
Magnolia	Magno_sinica	160044	88157-114727,133474-160044	1-88156	114728-133473
Magnolia	Magno_sprengeri	160033	88134-114722,133445-160033	1-88133	114723-133444
Magnolia	Magno_tripetala	160037	88149-114720,133466-160037	1-88148	114721-133465
Magnolia	Magno_yunnanensis	160085	88171-114755,133501-160085	1-88170	114756-133500
#Michelia	Mich_Magnolia_odora	NA	NA	NA	NA
#Acioa	Acioa_guianensis	NA	NA	NA	NA
#Afrolicania	Af_elaeosperma	NA	NA	NA	NA
#Angelesia	Angele_splendens	NA	NA	NA	NA
#Atuna	Atu_racemosa	NA	NA	NA	NA
#Chrysobalanus	Chrysob_icaco	NA	NA	NA	NA
Couepia	Cou_caryophylloides	161887	88936-115698,135125-161887	1-88935	115699-135124
Couepia	Cou_grandiflora	162090	88862-115736,135216-162090	1-88861	115737-135215
Couepia	Cou_guianensis	162125	89007-115881,135251-162125	1-89006	115882-135250
#Couepia	Cou_ovalifolia	161926	NONE	NONE	NONE
Couepia	Cou_paraensis	161924	88757-115625,135056-161924	1-88756	115626-135055
Couepia	Cou_polyandra	162045	88830-115728,135147-162045	1-88829	115729-135146
Couepia	Cou_rankiniae	162045	88887-115761,135171-162045	1-88886	115762-135170
Couepia	Cou_sandwithii	162065	88907-115781,135191-162065	1-88906	115782-135190
Couepia	Cou_subcordata	162019	89013-115831,135201-162019	1-89012	115832-135200
Dactyladenia	Dactyla_bellayana	162281	88892-115717,135432-162281	1-88891	115718-135431
#Dactyladenia	Dactyla_buchneri	162110	MULTI	MULTI	MULTI
#Dactyladenia	Dactyla_floretii	162288	NONE	NONE	NONE
#Exellodendron	Ex_barbatum	NA	NA	NA	NA
#Gaulettia	Gau_elata	NA	NA	NA	NA
#Grangeria	Gran_borbonica	NA	NA	NA	NA
Hirtella	Hir_macrosepala	162920	89263-116143,136040-162920	1-89262	116144-136039
Hirtella	Hir_physophora	162955	89259-116141,136073-162955	1-89258	116142-136072
Hirtella	Hir_racemosa	162891	89245-116110,136026-162891	1-89244	116111-136025
#Hirtella	Hir_suffulta	162654	NONE	NONE	NONE
#Hirtella	Hir_zanzibarica	162341	NONE	NONE	NONE
#Hunga	Hu_gerontogea	NA	NA	NA	NA
#Kostermanthus	Kos_robustus	NA	NA	NA	NA
Licania	Lic_alba	162467	88928-115827,135568-162467	1-88927	115828-135567
#Licania	Lic_canescens	164238	MULTI	MULTI	MULTI
Licania	Lic_glabriflora	162769	89117-115995,135891-162769	1-89116	115996-135890
Licania	Lic_heteromorpha	162833	89233-116119,135947-162833	1-89232	116120-135946
#Licania	Lic_macrophylla	162672	MULTI	MULTI	MULTI
#Licania	Lic_majuscula	162445	MULTI	MULTI	MULTI
Licania	Lic_membranacea	162201	89033-115628,135321-161916	1-89032,161917-162201	115629-135320
#Licania	Lic_michauxii	162552	MULTI	MULTI	MULTI
Licania	Lic_micrantha	162313	89144-115739,135432-162027	1-89143,162028-162313	115740-135431
#Licania	Lic_minutiflora	162318	NONE	NONE	NONE
#Licania	Lic_ovalifolia	162227	NONE	NONE	NONE
Licania	Lic_sprucei	162228	88823-115680,135371-162228	1-88822	115681-135370
#Licania	Lic_tomentosa	162547	NONE	NONE	NONE
#Magnistipula	Magni_butayei	NA	NA	NA	NA
#Maranthes	Mara_gabunensis	162659	MULTI	MULTI	MULTI
Maranthes	Mara_glabra	162185	89179-115913,135451-162185	1-89178	115914-135450
#Maranthes	Mara_kerstingii	162391	MULTI	MULTI	MULTI
#Neocarya	Neoc_macrophylla	NA	NA	NA	NA
#Parastemon	Paras_urophyllus	NA	NA	NA	NA
Parinari	Parin_campestris	162637	89213-116068,135782-162637	1-89212	116069-135781
#Parinari	Parin_capensis	162487	NONE	NONE	NONE
#Parinari	Parin_curatellifolia	162647	NONE	NONE	NONE
#Parinari	Parin_oblongifolia	162512	NONE	NONE	NONE
Populus	Pop_alba	156505	84619-112278,128846-156505	1-84618	112279-128845
#Populus	Pop_balsamifera	157094	NONE	NONE	NONE
Populus	Pop_cathayana	155449	83912-111436,127925-155449	1-83911	111437-127924
#Populus	Pop_euphratica	156766	MULTI	MULTI	MULTI
Populus	Pop_fremontii	157446	85455-113291,129610-157446	1-85454	113292-129609
#Populus	Pop_ilicifolia	158017	MULTI	MULTI	MULTI
Populus	Pop_qiongdaoensis	156074	84467-112011,128530-156074	1-84466	112012-128529
Populus	Pop_tremula	156067	84378-111977,128468-156067	1-84377	111978-128467
Populus	Pop_tremula_x_Populus_alba	156641	84433-112564,128510-156641	1-84432	112565-128509
Populus	Pop_trichocarpa	157033	85130-112781,129382-157033	1-85129	112782-129381
Populus	Pop_yunnanensis	155776	83956-111591,128141-155776	1-83955	111592-128140
#Salix	Salix_babylonica	156819	MULTI	MULTI	MULTI
Salix	Salix_interior	156620	85981-113147,129454-156620	1-85980	113148-129453
Salix	Salix_purpurea	155590	1-27459,43680-71138	71139-155590	27460-43679
Salix	Salix_suchowensis	155214	1-27459,43679-71137	71138-155214	27460-43678
#Gossypium	Gos_anomalum	159507	NONE	NONE	NONE
Gossypium	Gos_arboreum	160230	88712-114328,134603-160219	1-88711,160220-160230	114329-134602
Gossypium	Gos_areysianum	159572	88183-113751,134004-159572	1-88182	113752-134003
Gossypium	Gos_barbadense	160317	88842-114432,134727-160317	1-88841	114433-134726
Gossypium	Gos_bickii	159422	88074-113656,133840-159422	1-88073	113657-133839
Gossypium	Gos_capitis_viridis	159467	88066-113667,133866-159467	1-88065	113668-133865
Gossypium	Gos_darwinii	160378	88896-114498,134765-160367	1-88895,160368-160378	114499-134764
Gossypium	Gos_gossypioides	159959	88804-114379,134384-159959	1-88803	114380-134383
Gossypium	Gos_herbaceum	160140	88710-114314,134536-160140	1-88709	114315-134535
Gossypium	Gos_herbaceum_subsp_africanum	160315	88780-114399,134685-160304	1-88779,160305-160315	114400-134684
Gossypium	Gos_hirsutum	160301	88807-114408,134689-160290	1-88806,160291-160301	114409-134688
Gossypium	Gos_incanum	159205	87880-113444,133641-159205	1-87879	113445-133640
#Gossypium	Gos_longicalyx	160241	NONE	NONE	NONE
Gossypium	Gos_mustelinum	160313	88810-114419,134689-160298	1-88809,160299-160313	114420-134688
Gossypium	Gos_raimondii	160161	88655-114305,134511-160161	1-88654	114306-134510
Gossypium	Gos_robinsonii	159849	88487-114066,134270-159849	1-88486	114067-134269
Gossypium	Gos_somalense	159539	88151-113719,133971-159539	1-88150	113720-133970
Gossypium	Gos_stocksii	159039	87887-113373,133553-159039	1-87886	113374-133552
Gossypium	Gos_sturtianum	159627	88252-113831,134048-159627	1-88251	113832-134047
Gossypium	Gos_thurberi	160264	88738-114365,134637-160264	1-88737	114366-134636
Gossypium	Gos_tomentosum	160433	88922-114536,134808-160422	1-88921,160423-160433	114537-134807
#Gossypium	Gos_turneri	159927	MULTI	MULTI	MULTI
#Hibiscus	Hib_syriacus	NA	NA	NA	NA
#Talipariti	Tal_hamabo	NA	NA	NA	NA
#Theobroma	The_cacao	NA	NA	NA	NA
Tilia	Til_amurensis	162715	91125-116721,137119-162715	1-91124	116722-137118
Tilia	Til_mandshurica	162796	91128-116776,137148-162796	1-91127	116777-137147
Tilia	Til_oliveri	162734	91096-116724,137106-162734	1-91095	116725-137105
Tilia	Til_paucicostata	162653	91140-116706,137087-162653	1-91139	116707-137086
#Lagerstroemia	Lag_fauriei	152440	NONE	NONE	NONE
#Lagerstroemia	Lag_guilinensis	152193	NONE	NONE	NONE
Lagerstroemia	Lag_indica	152205	84047-109668,126584-152205	1-84046	109669-126583
#Lagerstroemia	Lag_speciosa	152476	MULTI	MULTI	MULTI
#Allosyncarpia	Allos_ternata	NA	NA	NA	NA
Angophora	Ango_costata	160326	88770-115161,133935-160326	1-88769	115162-133934
Angophora	Ango_floribunda	160245	88716-115107,133854-160245	1-88715	115108-133853
Corymbia	Cory_eximia	160012	88523-114931,133604-160012	1-88522	114932-133603
Corymbia	Cory_gummifera	160713	88311-115913,133111-160713	1-88310	115914-133110
Corymbia	Cory_henryi	160095	88590-114998,133687-160095	1-88589	114999-133686
Corymbia	Cory_maculata	160045	88558-114966,133637-160045	1-88557	114967-133636
Corymbia	Cory_tessellaris	160127	88618-115026,133719-160127	1-88617	115027-133718
Corymbia	Cory_torelliana	159994	88495-114903,133586-159994	1-88494	114904-133585
#Eucalyptus	Euc_aromaphloia	160149	NONE	NONE	NONE
Eucalyptus	Euc_baxteri	160032	88927-115295,133664-160032	1-88926	115296-133663
Eucalyptus	Euc_camaldulensis	160164	88875-115273,133766-160164	1-88874	115274-133765
Eucalyptus	Euc_cladocalyx	160213	89046-115441,133818-160213	1-89045	115442-133817
Eucalyptus	Euc_cloeziana	160015	88868-115218,133665-160015	1-88867	115219-133664
Eucalyptus	Euc_curtisii	160038	88829-115209,133658-160038	1-88828	115210-133657
Eucalyptus	Euc_deglupta	160177	88937-115344,133770-160177	1-88936	115345-133769
Eucalyptus	Euc_delegatensis	159724	88470-114837,133336-159703	1-88469,159704-159724	114838-133335
Eucalyptus	Euc_diversicolor	160214	88995-115396,133813-160214	1-88994	115397-133812
Eucalyptus	Euc_diversifolia	159954	88902-115270,133586-159954	1-88901	115271-133585
Eucalyptus	Euc_elata	159899	88763-115130,133532-159899	1-88762	115131-133531
Eucalyptus	Euc_erythrocorys	159742	88692-115073,133361-159742	1-88691	115074-133360
Eucalyptus	Euc_globulus_subsp_globulus	160286	89013-115405,133894-160286	1-89012	115406-133893
Eucalyptus	Euc_grandis	160137	88873-115267,133743-160137	1-88872	115268-133742
Eucalyptus	Euc_guilfoylei	160520	89055-115739,133836-160520	1-89054	115740-133835
Eucalyptus	Euc_marginata	160076	88829-115214,133691-160076	1-88828	115215-133690
Eucalyptus	Euc_melliodora	160386	89074-115451,134009-160386	1-89073	115452-134008
Eucalyptus	Euc_microcorys	160225	89052-115433,133844-160225	1-89051	115434-133843
Eucalyptus	Euc_nitens	160271	89006-115404,133873-160271	1-89005	115405-133872
Eucalyptus	Euc_obliqua	159527	88294-114661,133160-159527	1-88293	114662-133159
Eucalyptus	Euc_patens	160187	88903-115273,133817-160187	1-88902	115274-133816
Eucalyptus	Euc_polybractea	160268	88945-115341,133872-160268	1-88944	115342-133871
#Eucalyptus	Euc_radiata	159529	NONE	NONE	NONE
Eucalyptus	Euc_regnans	160031	88861-115222,133670-160031	1-88860	115223-133669
Eucalyptus	Euc_saligna	160015	89042-115315,133742-160015	1-89041	115316-133741
Eucalyptus	Euc_salmonophloia	160413	89174-115560,134027-160413	1-89173	115561-134026
Eucalyptus	Euc_sieberi	159985	88849-115216,133618-159985	1-88848	115217-133617
Eucalyptus	Euc_spathulata	161071	88730-116342,133459-161071	1-88729	116343-133458
Eucalyptus	Euc_torquata	160223	89019-115401,133841-160223	1-89018	115402-133840
Eucalyptus	Euc_umbra	159576	88865-114891,133550-159576	1-88864	114892-133549
Eucalyptus	Euc_verrucata	160109	88891-115259,133741-160109	1-88890	115260-133740
#Eugenia	Euge_uniflora	NA	NA	NA	NA
#Stockwellia	Sto_quadrifida	NA	NA	NA	NA
#Ludwigia	Ludw_octovalvis	NA	NA	NA	NA
Oenothera	Oe_argillicola	165061	88514-117286,136289-165061	1-88513	117287-136288
Oenothera	Oe_biennis	164807	88965-117435,136337-164807	1-88964	117436-136336
Oenothera	Oe_elata_subsp_hookeri	165728	89343-118025,137046-165728	1-89342	118026-137045
Oenothera	Oe_glazioviana	165359	89704-118079,136984-165359	1-89703	118080-136983
Oenothera	Oe_grandiflora	166545	89863-118686,137722-166545	1-89862	118687-137721
Oenothera	Oe_oakesiana	163575	87731-116157,135149-163575	1-87730	116158-135148
Oenothera	Oe_parviflora	163365	87733-116101,134997-163365	1-87732	116102-134996
Oenothera	Oe_villaricae	165779	87892-118735,134936-165779	1-87891	118736-134935
#Nuphar	Nu_advena	NA	NA	NA	NA
Nymphaea	Ny_alba	159930	90015-115191,134754-159930	1-90014	115192-134753
Nymphaea	Ny_mexicana	159962	90020-115224,134758-159962	1-90019	115225-134757
#Piper	Piper_cenocladum	160624	NONE	NONE	NONE
Piper	Piper_kadsura	161486	89100-116176,134410-161486	1-89099	116177-134409
#Acidosasa	Acid_purpurea	NA	NA	NA	NA
Aegilops	Aeg_bicornis	136861	81003-102544,115320-136861	1-81002	102545-115319
#Aegilops	Aeg_cylindrica	113490	NONE	NONE	NONE
#Aegilops	Aeg_geniculata	113893	NONE	NONE	NONE
Aegilops	Aeg_kotschyi	136868	81009-102550,115327-136868	1-81008	102551-115326
Aegilops	Aeg_longissima	136875	81014-102555,115334-136875	1-81013	102556-115333
Aegilops	Aeg_searsii	136863	80997-102538,115322-136863	1-80996	102539-115321
Aegilops	Aeg_sharonensis	136867	81009-102550,115326-136867	1-81008	102551-115325
#Aegilops	Aeg_speltoides	113536	NONE	NONE	NONE
#Aegilops	Aeg_tauschii	114112	NONE	NONE	NONE
#Agrostis	Agrostis_stolonifera	NA	NA	NA	NA
Alloteropsis	Allot_angusta	140709	81694-104836,117567-140709	1-81693	104837-117566
#Alloteropsis	Allot_cimicina	139317	MULTI	MULTI	MULTI
#Alloteropsis	Allot_semialata	138209	NONE	NONE	NONE
#Ammophila	Amm_breviligulata	NA	NA	NA	NA
Ampelocalamus	Ampeloc_calcareus	139689	83437-105236,117890-139689	1-83436	105237-117889
Ampelocalamus	Ampeloc_naibunensis	139860	83381-105202,118036-139857	1-83380,139858-139860	105203-118035
#Ampelodesmos	Ampelod_mauritanicus	NA	NA	NA	NA
#Amphicarpum	Amph_muhlenbergianum	NA	NA	NA	NA
#Anomochloa	Ano_marantoidea	NA	NA	NA	NA
Anthoxanthum	Antho_nitens	136395	80646-102287,114754-136395	1-80645	102288-114753
Anthoxanthum	Antho_odoratum	135551	79627-101287,113891-135551	1-79626	101288-113890
#Aristida	Ari_purpurea	NA	NA	NA	NA
#Arthraxon	Arth_prionodes	NA	NA	NA	NA
Arundinaria	Arundina_appalachiana	139547	83223-105026,117744-139547	1-83222	105027-117743
Arundinaria	Arundina_fargesii	139696	83253-105049,117900-139696	1-83252	105050-117899
Arundinaria	Arundina_gigantea	138935	82633-104429,117139-138935	1-82632	104430-117138
Arundinaria	Arundina_tecta	139499	83162-104965,117696-139499	1-83161	104966-117695
#Arundinella	Arundine_deppeana	NA	NA	NA	NA
#Astrebla	Astre_pectinata	NA	NA	NA	NA
Avena	Av_sativa	135890	80110-101712,114288-135890	1-80109	101713-114287
Avena	Av_sterilis	135887	80107-101709,114285-135887	1-80106	101710-114284
#Axonopus	Ax_fissifolius	NA	NA	NA	NA
Bambusa	Bam_arnhemica	139289	82803-104600,117492-139289	1-82802	104601-117491
Bambusa	Bam_bambos	139606	83146-104950,117802-139606	1-83145	104951-117801
Bambusa	Bam_emeiensis	139493	82989-104790,117692-139493	1-82988	104791-117691
Bambusa	Bam_multiplex	139394	82924-104721,117597-139394	1-82923	104722-117596
Bambusa	Bam_oldhamii	139350	82890-104679,117561-139350	1-82889	104680-117560
#Bothriochloa	Bot_alta	NA	NA	NA	NA
Bouteloua	Bout_curtipendula	133865	79310-100284,112891-133865	1-79309	100285-112890
Bouteloua	Bout_gracilis	133742	79316-100334,112724-133742	1-79315	100335-112723
#Brachyelytrum	Brachye_aristosum	NA	NA	NA	NA
#Brachypodium	Brachyp_distachyon	NA	NA	NA	NA
#Briza	Bri_maxima	NA	NA	NA	NA
#Bromus	Bro_vulgaris	NA	NA	NA	NA
#Buergersiochloa	Bue_bambusoides	NA	NA	NA	NA
#Capillipedium	Capi_venustum	NA	NA	NA	NA
#Cenchrus	Cenc_americanus	NA	NA	NA	NA
#Centotheca	Cento_lappacea	NA	NA	NA	NA
#Centropodia	Centr_glauca	NA	NA	NA	NA
#Chasechloa	Cha_egregia	NA	NA	NA	NA
#Chikusichloa	Chik_aquatica	NA	NA	NA	NA
#Chimonocalamus	Chim_longiusculus	NA	NA	NA	NA
#Chionochloa	Chio_macra	NA	NA	NA	NA
#Chloris	Chloris_barbata	NA	NA	NA	NA
#Chrysopogon	Chrysop_serrulatus	NA	NA	NA	NA
Chusquea	Chu_circinata	137951	81432-103235,116148-137951	1-81431	103236-116147
Chusquea	Chu_liebmannii	138001	81502-103305,116198-138001	1-81501	103306-116197
Chusquea	Chu_spectabilis	136848	80744-102460,115132-136848	1-80743	102461-115131
#Coix	Coix_lacryma_jobi	NA	NA	NA	NA
#Coleataenia	Cole_prionitis	NA	NA	NA	NA
#Dactylis	Dactylis_glomerata	NA	NA	NA	NA
#Danthonia	Danthonia_californica	NA	NA	NA	NA
#Danthoniopsis	Danthonio_dinteri	NA	NA	NA	NA
#Dendrocalamus	Dendroc_latiflorus	NA	NA	NA	NA
#Deschampsia	Des_antarctica	NA	NA	NA	NA
#Diandrolyra	Dian_sp_Clark_1301	NA	NA	NA	NA
#Diarrhena	Diar_obovata	NA	NA	NA	NA
#Dichanthelium	Dich_acuminatum	NA	NA	NA	NA
#Digitaria	Dig_exilis	NA	NA	NA	NA
Distichlis	Dis_bajaensis	135452	83457-103081,115828-135452	1-83456	103082-115827
Distichlis	Dis_spicata	138504	83376-104600,117280-138504	1-83375	104601-117279
Echinochloa	Echin_crus_galli	139857	81851-104595,117113-139857	1-81850	104596-117112
Echinochloa	Echin_frumentacea	139593	81839-104456,116976-139593	1-81838	104457-116975
Echinochloa	Echin_oryzicola	139891	82109-104742,117258-139891	1-82108	104743-117257
#Eleusine	Eleus_indica	NA	NA	NA	NA
#Elytrophorus	Ely_spicatus	NA	NA	NA	NA
Eragrostis	Era_minor	135023	80317-101381,113959-135023	1-80316	101382-113958
Eragrostis	Era_tef	134435	79803-100828,113410-134435	1-79802	100829-113409
#Eriachne	Eria_stipacea	NA	NA	NA	NA
#Eriochloa	Eriochl_meyeriana	NA	NA	NA	NA
Eriochrysis	Eriochr_cf_cayennensis_365_2	140426	82394-105163,117657-140426	1-82393	105164-117656
Eriochrysis	Eriochr_laxa	140135	82367-105004,117498-140135	1-82366	105005-117497
#Eulalia	Eul_aurea	NA	NA	NA	NA
Fargesia	Far_nitida	139535	83149-104926,117758-139535	1-83148	104927-117757
Fargesia	Far_spathacea	139767	83340-105136,117971-139767	1-83339	105137-117970
Fargesia	Far_yunnanensis	139609	83199-104995,117813-139609	1-83198	104996-117812
#Ferrocalamus	Fer_rimosivaginus	NA	NA	NA	NA
Festuca	Fes_altissima	135272	79829-101251,113850-135272	1-79828	101252-113849
Festuca	Fes_arundinacea	136048	80682-102224,114473-136015	1-80681,136016-136048	102225-114472
Festuca	Fes_ovina	133165	78330-99554,111941-133165	1-78329	99555-111940
#Festuca	Fes_pratensis	135291	NONE	NONE	NONE
#Gaoligongshania	Gao_megalothyrsa	NA	NA	NA	NA
#Gelidocalamus	Gelido_tessellatus	NA	NA	NA	NA
#Greslania	Gre_sp_McPherson_19217	NA	NA	NA	NA
Guadua	Gua_angustifolia	135331	82840-102636,115535-135331	1-82839	102637-115534
Guadua	Gua_chacoensis	135403	83548-102985,115966-135403	1-83547	102986-115965
Guadua	Gua_weberbaueri	135324	82807-102600,115531-135324	1-82806	102601-115530
#Hakonechloa	Hak_macra	NA	NA	NA	NA
#Helictochloa	Helict_hookeri	NA	NA	NA	NA
#Hickelia	Hic_madagascariensis	NA	NA	NA	NA
Hilaria	Hila_cenchroides	134824	80239-101320,113743-134824	1-80238	101321-113742
#Hilaria	Hila_rigida	135318	MULTI	MULTI	MULTI
#Hordeum	Hor_jubatum	136826	NONE	NONE	NONE
Hordeum	Hor_vulgare_subsp_vulgare	136462	81672-102716,115418-136462	1-81671	102717-115417
#Hyparrhenia	Hypa_subplumosa	NA	NA	NA	NA
#Imperata	Im_cylindrica	NA	NA	NA	NA
Indocalamus	Indoc_longiauritus	139668	83274-105065,117877-139668	1-83273	105066-117876
Indocalamus	Indoc_wilsonii	139962	83521-105322,118161-139962	1-83520	105323-118160
#Indosasa	Indos_sinica	NA	NA	NA	NA
#Isachne	Isac_distichophylla	NA	NA	NA	NA
#Ischaemum	Isc_afrum	NA	NA	NA	NA
#Iseilema	Ise_macratherum	NA	NA	NA	NA
#Lecomtella	Lec_madagascariensis	NA	NA	NA	NA
#Leersia	Lee_tisserantii	NA	NA	NA	NA
#Lithachne	Litha_pauciflora	NA	NA	NA	NA
Lolium	Lol_multiflorum	135175	79849-101269,113755-135175	1-79848	101270-113754
Lolium	Lol_perenne	135282	79965-101409,113838-135282	1-79964	101410-113837
#Loudetiopsis	Lou_kerstingii	NA	NA	NA	NA
#Megathyrsus	Megat_maximus	NA	NA	NA	NA
Melica	Mel_mutica	134710	80479-101309,113880-134710	1-80478	101310-113879
Melica	Mel_subulata	134765	80412-101247,113930-134765	1-80411	101248-113929
Miscanthus	Mis_sacchariflorus	141332	83204-105980,118556-141332	1-83203	105981-118555
#Miscanthus	Mis_sinensis	141372	NONE	NONE	NONE
#Monachather	Mona_paradoxus	NA	NA	NA	NA
#Neohouzeaua	Neoh_sp_Clark_Attigala_1712	NA	NA	NA	NA
#Neololeba	Neol_atra	NA	NA	NA	NA
#Neyraudia	Ney_reynaudiana	NA	NA	NA	NA
#Oligostachyum	Olig_shiuyingianum	NA	NA	NA	NA
#Olmeca	Olm_reflexa	NA	NA	NA	NA
#Olyra	Oly_latifolia	NA	NA	NA	NA
#Oncorachis	Onco_ramosa	NA	NA	NA	NA
#Oplismenus	Op_hirtellus	NA	NA	NA	NA
Oryza	Oryza_australiensis	135224	81075-101914,114385-135224	1-81074	101915-114384
Oryza	Oryza_barthii	134674	80686-101489,113871-134674	1-80685	101490-113870
Oryza	Oryza_brachyantha	134604	80412-101243,113773-134604	1-80411	101244-113772
#Oryza	Oryza_glaberrima	132629	MULTI	MULTI	MULTI
Oryza	Oryza_glumipatula	134583	80614-101420,113777-134583	1-80613	101421-113776
Oryza	Oryza_longistaminata	134567	80597-101403,113761-134567	1-80596	101404-113760
Oryza	Oryza_meridionalis	134558	80606-101408,113756-134558	1-80605	101409-113755
Oryza	Oryza_minuta	135094	80977-101812,114259-135094	1-80976	101813-114258
Oryza	Oryza_nivara	134494	80545-101346,113693-134494	1-80544	101347-113692
Oryza	Oryza_officinalis	134911	80954-101766,114097-134909	1-80953,134910-134911	101767-114096
Oryza	Oryza_punctata	134604	80623-101419,113807-134603	1-80622,134604	101420-113806
#Oryza	Oryza_rufipogon	134544	MULTI	MULTI	MULTI
Oryza	Oryza_sativa	134551	80605-101406,113750-134551	1-80604	101407-113749
Oryza	Oryza_sativa_Indica_Group	134496	80554-101351,113699-134496	1-80553	101352-113698
Oryza	Oryza_sativa_Japonica_Group	134525	80593-101391,113727-134525	1-80592	101392-113726
#Oryzopsis	Oryzo_asperifolia	NA	NA	NA	NA
#Otachyrium	Otac_versicolor	NA	NA	NA	NA
Otatea	Otat_acuminata	136351	82860-103131,116080-136351	1-82859	103132-116079
Otatea	Otat_glauca	136377	82842-103174,116045-136377	1-82841	103175-116044
Panicum	Pani_capillare	134520	81859-101901,114478-134520	1-81858	101902-114477
Panicum	Pani_miliaceum	139826	81737-104494,117069-139826	1-81736	104495-117068
Panicum	Pani_virgatum	139619	81660-104358,116921-139619	1-81659	104359-116920
Pariana	Paria_campestris	140120	82279-104824,117575-140120	1-82278	104825-117574
Pariana	Paria_radiciflora	140361	81848-104728,117481-140361	1-81847	104729-117480
#Paspalidium	Paspali_geminatum	NA	NA	NA	NA
Paspalum	Paspalum_dilatatum	135950	81294-102315,114929-135950	1-81293	102316-114928
Paspalum	Paspalum_fimbriatum	140804	80783-104493,117094-140804	1-80782	104494-117093
Paspalum	Paspalum_glaziovii	139255	81116-103884,116487-139255	1-81115	103885-116486
#Phaenosperma	Phaen_globosum	NA	NA	NA	NA
#Phalaris	Phalar_arundinacea	NA	NA	NA	NA
Pharus	Phar_lappulaceus	141928	83189-106290,118827-141928	1-83188	106291-118826
Pharus	Phar_latifolius	142077	83341-106382,119035-142077	1-83340	106383-119034
#Phleum	Phl_alpinum	NA	NA	NA	NA
#Phragmites	Phragmit_australis	NA	NA	NA	NA
Phyllostachys	Phyllosta_edulis	139679	83214-105011,117882-139679	1-83213	105012-117881
Phyllostachys	Phyllosta_nigra_var_henonis	139839	83235-105097,117977-139839	1-83234	105098-117976
Phyllostachys	Phyllosta_propinqua	139704	83228-105027,117905-139704	1-83227	105028-117904
Phyllostachys	Phyllosta_sulphurea	139731	83252-105049,117929-139726	1-83251,139727-139731	105050-117928
#Piptochaetium	Pipt_avenaceum	NA	NA	NA	NA
#Plagiantha	Plag_tenella	NA	NA	NA	NA
#Pleioblastus	Ple_maculatus	NA	NA	NA	NA
#Poa	Poa_palustris	NA	NA	NA	NA
#Pogonatherum	Pogon_paniceum	NA	NA	NA	NA
#Pseudosasa	Pseudos_japonica	NA	NA	NA	NA
#Puccinellia	Puc_nuttalliana	NA	NA	NA	NA
#Puelia	Pue_olyriformis	NA	NA	NA	NA
#Raddia	Rad_brasiliensis	NA	NA	NA	NA
#Rhynchoryza	Rhy_subulata	NA	NA	NA	NA
#Rottboellia	Rot_cochinchinensis	NA	NA	NA	NA
Saccharum	Sac_arundinaceum	141210	83171-105933,118448-141210	1-83170	105934-118447
Saccharum	Sac_hybrid_cultivar	141181	83048-105842,118387-141181	1-83047	105843-118386
Saccharum	Sac_hybrid_cultivar_NCo_310	141182	83049-105843,118388-141182	1-83048	105844-118387
#Saccharum	Sac_hybrid_cultivar_SP80_3280	141182	NONE	NONE	NONE
#Sarocalamus	Saro_faberi	NA	NA	NA	NA
Sartidia	Sart_dewinteri	138074	80117-102841,115350-138074	1-80116	102842-115349
Sartidia	Sart_perrieri	138471	80509-103238,115742-138471	1-80508	103239-115741
#Secale	Sec_cereale	NA	NA	NA	NA
#Setaria	Set_italica	135516	MULTI	MULTI	MULTI
#Setaria	Set_viridis	138102	MULTI	MULTI	MULTI
#Sorghastrum	Sorgha_nutans	NA	NA	NA	NA
Sorghum	Sorghum_bicolor	140754	83734-105992,118496-140754	1-83733	105993-118495
#Sorghum	Sorghum_timorense	140629	MULTI	MULTI	MULTI
Sporobolus	Spor_heterolepis	135097	81214-101784,114527-135097	1-81213	101785-114526
Sporobolus	Spor_maritimus	135592	80859-101868,114583-135592	1-80858	101869-114582
Sporobolus	Spor_michauxianus	135617	80923-101907,114633-135617	1-80922	101908-114632
#Steinchisma	Stei_laxum	NA	NA	NA	NA
#Stipa	Sti_hymenoides	137742	MULTI	MULTI	MULTI
Stipa	Sti_lipskyi	137854	35040-56682,69553-91195	1-35039,91196-137854	56683-69552
Stipa	Sti_purpurea	137370	81203-102865,115708-137370	1-81202	102866-115707
#Tenaxia	Ten_guillarmodiae	NA	NA	NA	NA
#Thamnocalamus	Tham_spathiflorus	NA	NA	NA	NA
#Thyridolepis	Thyr_xerophila	NA	NA	NA	NA
#Thysanolaena	Thys_latifolia	NA	NA	NA	NA
#Torreyochloa	Torreyo_pallida	NA	NA	NA	NA
#Trisetum	Tris_cernuum	NA	NA	NA	NA
Triticum	Trit_aestivum	134545	80349-101051,113843-134545	1-80348	101052-113842
Triticum	Trit_macha	135899	80005-101556,114348-135899	1-80004	101557-114347
#Triticum	Trit_monococcum	116399	NONE	NONE	NONE
Triticum	Trit_timopheevii	136157	80257-101809,114605-136157	1-80256	101810-114604
Triticum	Trit_turgidum	135835	79962-101502,114295-135835	1-79961	101503-114294
#Triticum	Trit_urartu	115773	NONE	NONE	NONE
#Urochloa	Ur_brizantha	138946	MULTI	MULTI	MULTI
#Urochloa	Ur_decumbens	138945	MULTI	MULTI	MULTI
#Urochloa	Ur_humidicola	138976	MULTI	MULTI	MULTI
Urochloa	Ur_reptans	140177	82158-104869,117466-140177	1-82157	104870-117465
#Urochloa	Ur_ruziziensis	138765	MULTI	MULTI	MULTI
#Whiteochloa	Wh_capillipes	NA	NA	NA	NA
#Yushania	Yu_levigata	NA	NA	NA	NA
#Zea	Zea_diploperennis	140608	NONE	NONE	NONE
Zea	Zea_luxurians	140710	82700-105436,117974-140710	1-82699	105437-117973
Zea	Zea_mays	140384	82353-105100,117637-140384	1-82352	105101-117636
Zea	Zea_perennis	140647	82558-105329,117876-140647	1-82557	105330-117875
#Zeugites	Zeu_pittieri	NA	NA	NA	NA
Zizania	Ziz_aquatica	136364	82014-102892,115486-136364	1-82013	102893-115485
Zizania	Ziz_latifolia	136461	82116-102993,115584-136461	1-82115	102994-115583
#Zoysia	Zo_macrantha	NA	NA	NA	NA
Nelumbo	Nel_lutea	163206	91761-117813,137154-163206	1-91760	117814-137153
Nelumbo	Nel_nucifera	163330	91911-117941,137300-163330	1-91910	117942-137299
#Berberis	Be_amurensis	166636	NONE	NONE	NONE
#Berberis	Be_bealei	164792	NONE	NONE	NONE
Berberis	Be_koreana	166758	73742-110889,129578-166725	1-73741,166726-166758	110890-129577
Epimedium	Epim_acuminatum	159112	86562-114302,131372-159112	1-86561	114303-131371
Epimedium	Epim_dolichostemon	157039	88395-114178,131256-157039	1-88394	114179-131255
Epimedium	Epim_koreanum	157218	89561-114778,132001-157218	1-89560	114779-132000
Epimedium	Epim_lishihchenii	157692	88421-115009,131104-157692	1-88420	115010-131103
Epimedium	Epim_pseudowushanense	157168	88532-114315,131385-157168	1-88531	114316-131384
Epimedium	Epim_sagittatum	158273	87079-114146,131206-158273	1-87078	114147-131205
#Gymnospermium	Gym_microrrhynchum	NA	NA	NA	NA
#Nandina	Nand_domestica	NA	NA	NA	NA
#Sinopodophyllum	Sin_hexandrum	NA	NA	NA	NA
Aconitum	Acon_austrokoreense	155682	86389-112523,129548-155682	1-86388	112524-129547
Aconitum	Acon_carmichaelii	155737	86331-112523,129545-155737	1-86330	112524-129544
Aconitum	Acon_chiisanense	155934	86560-112720,129774-155934	1-86559	112721-129773
Aconitum	Acon_ciliare	155832	86453-112679,129606-155832	1-86452	112680-129605
Aconitum	Acon_coreanum	157029	87623-113883,130769-157029	1-87622	113884-130768
Aconitum	Acon_kusnezoffii	155862	86336-112626,129572-155862	1-86335	112627-129571
Aconitum	Acon_monanthum	155688	86293-112508,129473-155688	1-86292	112509-129472
#Clematis	Cl_terniflora	NA	NA	NA	NA
#Megaleranthis	Megal_saniculifolia	NA	NA	NA	NA
Ranunculus	Ran_macranthus	155129	84639-110429,129339-155129	1-84638	110430-129338
Ranunculus	Ran_occidentalis	154474	83533-108363,129633-154463	1-83532,154464-154474	108364-129632
#Thalictrum	Thali_coreanum	NA	NA	NA	NA
#Ficus	Fi_racemosa	NA	NA	NA	NA
Morus	Mor_indica	158484	87387-113064,132807-158484	1-87386	113065-132806
Morus	Mor_mongolica	158459	87368-113045,132782-158459	1-87367	113046-132781
Morus	Mor_notabilis	158680	87445-113163,132936-158654	1-87444,158655-158680	113164-132935
Fragaria	Fra_chiloensis	155603	85568-111512,129659-155603	1-85567	111513-129658
#Fragaria	Fra_iinumae	155554	NONE	NONE	NONE
#Fragaria	Fra_mandshurica	129805	NONE	NONE	NONE
#Fragaria	Fra_vesca_subsp_bracteata	129788	NONE	NONE	NONE
Fragaria	Fra_vesca_subsp_vesca	155691	85607-111562,129736-155691	1-85606	111563-129735
Fragaria	Fra_virginiana	155621	85587-111531,129677-155621	1-85586	111532-129676
#Hagenia	Hag_abyssinica	NA	NA	NA	NA
#Malus	Mal_prunifolia	NA	NA	NA	NA
#Pentactina	Pentac_rupicola	NA	NA	NA	NA
#Prinsepia	Prin_utilis	NA	NA	NA	NA
Prunus	Pru_kansuensis	157736	85756-112141,131264-157649	1-85755,157650-157736	112142-131263
Prunus	Pru_maximowiczii	157852	85848-112283,131417-157852	1-85847	112284-131416
Prunus	Pru_mume	157712	85830-112224,131287-157681	1-85829,157682-157712	112225-131286
Prunus	Pru_padus	158955	87667-113875,132747-158955	1-87666	113876-132746
Prunus	Pru_persica	157790	85884-112263,131324-157703	1-85883,157704-157790	112264-131323
#Prunus	Pru_pseudocerasus	157834	NONE	NONE	NONE
Prunus	Pru_yedoensis	157859	85978-112358,131479-157859	1-85977	112359-131478
Pyrus	Pyrus_pyrifolia	159922	87803-114194,133432-159823	1-87802,159824-159922	114195-133431
#Pyrus	Pyrus_spinosa	159161	NONE	NONE	NONE
Viscum	Vis_album	128921	74286-97287,105920-128921	1-74285	97288-105919
Viscum	Vis_crassulae	126064	73226-95330,103959-126063	1-73225,126064	95331-103958
Viscum	Vis_minimum	131016	75805-98898,107913-131006	1-75804,131007-131016	98899-107912
#Acer	Acer_davidii	157044	NONE	NONE	NONE
Acer	Acer_miaotaiense	156595	86328-112427,130496-156595	1-86327	112428-130495
#Acer	Acer_morrisonense	157197	NONE	NONE	NONE
#Dipteronia	Dip_sinensis	NA	NA	NA	NA
#Spondias	Spon_bahiensis	162218	MULTI	MULTI	MULTI
#Spondias	Spon_tuberosa	162039	MULTI	MULTI	MULTI
Citrus	Cit_aurantiifolia	159893	87142-114132,132896-159886	1-87141,159887-159893	114133-132895
Citrus	Cit_platymamma	160121	87733-114730,133124-160121	1-87732	114731-133123
Citrus	Cit_sinensis	160129	87745-114740,133134-160129	1-87744	114741-133133
Zanthoxylum	Za_bungeanum	158401	85899-113344,130956-158401	1-85898	113345-130955
Zanthoxylum	Za_piperitum	158154	85341-112984,130511-158154	1-85340	112985-130510
Zanthoxylum	Za_schinifolium	158963	86529-113613,131879-158963	1-86528	113614-131878
#Sedum	Sed_oryzifolium	149609	MULTI	MULTI	MULTI
Sedum	Sed_sarmentosum	150448	82213-107995,124666-150448	1-82212	107996-124665
#Sedum	Sed_takesimense	147048	MULTI	MULTI	MULTI
Cuscuta	Cus_exaltata	125373	82722-99422,108673-125373	1-82721	99423-108672
Cuscuta	Cus_gronovii	86744	50974-65327,72391-86744	1-50973	65328-72390
Cuscuta	Cus_obtusiflora	85286	50208-64338,71156-85286	1-50207	64339-71155
Cuscuta	Cus_reflexa	121521	79469-96209,104781-121521	1-79468	96210-104780
#Ipomoea	Ip_batatas	161303	MULTI	MULTI	MULTI
Ipomoea	Ip_nil	161897	88118-118964,131051-161897	1-88117	118965-131050
Ipomoea	Ip_purpurea	162046	88173-119054,131165-162046	1-88172	119055-131164
#Acnistus	Acnistus_arborescens	NA	NA	NA	NA
#Acnistus x Iochroma	Acnistus_arborescens_x_Iochroma_cyaneum	NA	NA	NA	NA
#Atropa	Atr_belladonna	NA	NA	NA	NA
Capsicum	Capsi_annuum	156781	87367-113149,130999-156781	1-87366	113150-130998
Capsicum	Capsi_chinense	156807	87291-113093,131005-156807	1-87290	113094-131004
Capsicum	Capsi_frutescens	156817	87381-113172,131026-156817	1-87380	113173-131025
Capsicum	Capsi_lycianthoides	156583	86814-112437,130960-156583	1-86813	112438-130959
#Datura	Dat_stramonium	NA	NA	NA	NA
Dunalia	Du_brachyacantha	156730	87110-112770,131070-156730	1-87109	112771-131069
#Dunalia	Du_obovata	156559	MULTI	MULTI	MULTI
Dunalia	Du_solanacea	156869	88744-113691,131922-156869	1-88743	113692-131921
#Eriolarynx	Eriol_fasciculata	NA	NA	NA	NA
#Hyoscyamus	Hyo_niger	NA	NA	NA	NA
Iochroma	Ioc_australe	156996	87490-113090,131396-156996	1-87489	113091-131395
Iochroma	Ioc_cardenasianum	156510	87015-112583,130942-156510	1-87014	112584-130941
#Iochroma	Ioc_cyaneum	156791	NONE	NONE	NONE
Iochroma	Ioc_ellipticum	157052	87490-113108,131434-157052	1-87489	113109-131433
#Iochroma	Ioc_lehmannii	156835	NONE	NONE	NONE
Iochroma	Ioc_loxense	157002	87370-113022,131350-157002	1-87369	113023-131349
Iochroma	Ioc_nitidum	156574	87048-112663,130959-156574	1-87047	112664-130958
Iochroma	Ioc_salpoanum	156971	87339-112991,131319-156971	1-87338	112992-131318
Iochroma	Ioc_stenanthum	156858	87237-112857,131238-156858	1-87236	112858-131237
Iochroma	Ioc_tingoanum	156823	87294-112909,131208-156823	1-87293	112910-131207
Iochroma	Ioc_umbellatum	156730	87342-112950,131122-156730	1-87341	112951-131121
Nicotiana	Ni_sylvestris	155941	86685-112027,130599-155941	1-86684	112028-130598
Nicotiana	Ni_tabacum	155943	86687-112029,130601-155943	1-86686	112030-130600
Nicotiana	Ni_tomentosiformis	155745	86393-111821,130317-155745	1-86392	111822-130316
Nicotiana	Ni_undulata	155863	86634-111964,130533-155863	1-86633	111965-130532
#Physalis	Phys_peruviana	NA	NA	NA	NA
#Saracha	Sara_punctata	NA	NA	NA	NA
#Scopolia	Sco_parviflora	NA	NA	NA	NA
Solanum	Sol_bulbocastanum	155371	85786-111373,129755-155342	1-85785,155343-155371	111374-129754
Solanum	Sol_cheesmaniae	155520	85869-111504,129885-155520	1-85868	111505-129884
Solanum	Sol_chilense	155528	85908-111535,129901-155528	1-85907	111536-129900
Solanum	Sol_commersonii	155525	86014-111586,129953-155525	1-86013	111587-129952
Solanum	Sol_galapagense	155474	85864-111475,129863-155474	1-85863	111476-129862
Solanum	Sol_habrochaites	155465	85878-111489,129854-155465	1-85877	111490-129853
Solanum	Sol_lycopersicum	155461	85877-111487,129851-155461	1-85876	111488-129850
#Solanum	Sol_melongena	154289	MULTI	MULTI	MULTI
#Solanum	Sol_neorickii	155513	NONE	NONE	NONE
Solanum	Sol_nigrum	155432	85811-111420,129823-155432	1-85810	111421-129822
#Solanum	Sol_pennellii	155381	NONE	NONE	NONE
Solanum	Sol_peruvianum	155561	85907-111545,129923-155561	1-85906	111546-129922
Solanum	Sol_pimpinellifolium	155442	85857-111468,129831-155442	1-85856	111469-129830
Solanum	Sol_tuberosum	155296	85738-111330,129704-155296	1-85737	111331-129703
#Tetrastigma	Tet_hemsleyanum	NA	NA	NA	NA
#Vitis	Vit_aestivalis	160913	NONE	NONE	NONE
Vitis	Vit_amurensis	160953	89188-115541,134600-160953	1-89187	115542-134599
Vitis	Vit_rotundifolia	160891	89086-115448,134524-160886	1-89085,160887-160891	115449-134523
Vitis	Vit_vinifera	160928	89141-115493,134567-160919	1-89140,160920-160928	115494-134566
Musa	Mu_balbisiana	169503	87829-122922,134410-169503	1-87828	122923-134409
Musa	Mu_textilis	161347	88017-115187,134177-161347	1-88016	115188-134176
#Curcuma	Cur_flaviflora	160478	NONE	NONE	NONE
#Curcuma	Cur_roscoeana	159512	NONE	NONE	NONE
#Zingiber	Zin_spectabile	NA	NA	NA	NA
Plasmodium	Plas_berghei	30861	24110-25399,29572-30861	1-24109	25400-29571
#Plasmodium	Plas_chabaudi_chabaudi	29623	NONE	NONE	NONE
#Plasmodium	Plas_falciparum	31160	NONE	NONE	NONE
#Plasmodium	Plas_falciparum_HB3	29529	NONE	NONE	NONE
Plasmodium	Plas_malariae	34324	1775-3879,29615-31719	3880-29614	1-1774,31720-34324
#Plasmodium	Plas_ovale	28304	NONE	NONE	NONE
Babesia	Bab_bovis_T2Bo	35107	1-1808,33300-35107	1809-33299	-
#Babesia	Bab_orientalis	33200	NONE	NONE	NONE
#Roundia	Rou_cardiophora	NA	NA	NA	NA
Thalassiosira	Thala_oceanica_CCMP1005	141790	70299-93991,118098-141790	1-70298	93992-118097
#Thalassiosira	Thala_pseudonana	128814	MULTI	MULTI	MULTI
Thalassiosira	Thala_weissflogii	127601	64556-82841,109316-127601	1-64555	82842-109315
#Cylindrocystis	Cyl_brebissonii	NA	NA	NA	NA
#Mesotaenium	Mes_endlicherianum	NA	NA	NA	NA
Roya	Roya_anglica	138275	92927-105494,125708-138275	1-92926	105495-125707
Roya	Roya_obtusa	138272	92925-105492,125705-138272	1-92924	105493-125704
#Bryopsis	Bry_hypnoides	153429	NONE	NONE	NONE
#Bryopsis	Bry_plumosa	106859	NONE	NONE	NONE
#Auxenochlorella	Au_protothecoides	NA	NA	NA	NA
#Chlorella	Chlore_sorokiniana	109811	NONE	NONE	NONE
#Chlorella	Chlore_variabilis	124579	NONE	NONE	NONE
#Chlorella	Chlore_vulgaris	150613	NONE	NONE	NONE
#Dicloster	Dicl_acuatus	NA	NA	NA	NA
#Geminella	Gem_minor	NA	NA	NA	NA
#Helicosporidium	Helico_sp_ex_Simulium_jonesi	NA	NA	NA	NA
#Lobosphaera	Lobo_incisa	NA	NA	NA	NA
#Marvania	Marv_geminata	NA	NA	NA	NA
#Parachlorella	Parac_kessleri	NA	NA	NA	NA
#Pseudochloris	Pseudoc_wilhelmii	NA	NA	NA	NA
#Interfilum	Int_terricola	NA	NA	NA	NA
#Klebsormidium	Kl_flaccidum	NA	NA	NA	NA
Koliella	Kol_corcontica	117543	77347-93237,101653-117543	1-77346	93238-101652
Koliella	Kol_longiseta	197094	141678-152296,186476-197094	1-141677	152297-186475
Micromonas	Micr_commoda	72585	4598-11904,35239-42545	1-4597,42546-72585	11905-35238
Micromonas	Micr_pusilla_CCMP1545	41811	21548-24215,30215-32882	1-21547,32883-41811	24216-30214
Nephroselmis	Nep_astigmatica	125042	79892-93633,111301-125042	1-79891	93634-111300
Nephroselmis	Nep_olivacea	200799	92127-138263,154663-200799	1-92126	138264-154662
Pedinomonas	Pedin_minor	98340	70399-81037,87702-98340	1-70398	81038-87701
Pedinomonas	Pedin_tuberculata	126694	86620-102693,110621-126694	1-86619	102694-110620
Bracteacoccus	Bract_aerius	165732	1-7271,81069-88339	88340-165732	7272-81068
Bracteacoccus	Bract_giganteus	242897	99384-114149,228132-242897	114150-228131	1-99383
Bracteacoccus	Bract_minor	192761	1-9577,93378-102954	102955-192761	9578-93377
Mychonastes	My_homosphaera	102718	1-6472,53847-60318	6473-53846	60319-102718
Mychonastes	My_jurisii	103047	47572-54289,96330-103047	1-47571	54290-96329
#Ulva	Ul_fasciata	96005	NONE	NONE	NONE
#Ulva	Ul_linza	86726	NONE	NONE	NONE
#Cryptoglena	Cryptog_skujai	NA	NA	NA	NA
#Euglena	Euglena_gracilis	143171	WRONG	WRONG	WRONG
#Euglena	Euglena_longa	73345	NONE	NONE	NONE
#Euglena	Euglena_viridis	91616	NONE	NONE	NONE
#Euglenaria	Euglenar_anabaena	NA	NA	NA	NA
#Monomorphina	Mono_aenigmatica	74746	NONE	NONE	NONE
#Monomorphina	Mono_parapyrum	80147	NONE	NONE	NONE
#Trachelomonas	Tra_volvocina	NA	NA	NA	NA
#Euglenaformis	proxima	NA	NA	NA	NA
Nannochloropsis	Nann_gaditana	114989	47865-52943,109867-114945	52944-109866	1-47864,114946-114989
#Nannochloropsis	Nann_granulata	117672	NONE	NONE	NONE
#Nannochloropsis	Nann_limnetica	117806	NONE	NONE	NONE
#Nannochloropsis	Nann_oceanica	117557	NONE	NONE	NONE
#Nannochloropsis	Nann_oculata	117463	NONE	NONE	NONE
#Nannochloropsis	Nann_salina	114882	NONE	NONE	NONE
#Nageia	Nag_nagi	NA	NA	NA	NA
#Podocarpus	Pod_lambertii	133734	NONE	NONE	NONE
#Podocarpus	Pod_totara	133259	NONE	NONE	NONE
#Retrophyllum	Re_piresii	NA	NA	NA	NA
#Callitropsis	Call_nootkatensis	127150	NONE	NONE	NONE
#Callitropsis	Call_vietnamensis	127541	NONE	NONE	NONE
#Calocedrus	Calo_formosana	NA	NA	NA	NA
#Cryptomeria	Cryptom_japonica	NA	NA	NA	NA
#Cunninghamia	Cun_lanceolata	NA	NA	NA	NA
#Cupressus	Cup_gigantea	128244	NONE	NONE	NONE
#Cupressus	Cup_sempervirens	129150	NONE	NONE	NONE
#Glyptostrobus	Glyp_pensilis	NA	NA	NA	NA
#Hesperocyparis	Hespero_glabra	NA	NA	NA	NA
#Juniperus	Jun_bermudiana	127659	NONE	NONE	NONE
#Juniperus	Jun_cedrus	127126	NONE	NONE	NONE
#Juniperus	Jun_monosperma	127744	NONE	NONE	NONE
#Juniperus	Jun_scopulorum	127774	NONE	NONE	NONE
#Juniperus	Jun_virginiana	127770	NONE	NONE	NONE
#Metasequoia	Metas_glyptostroboides	NA	NA	NA	NA
#Sequoia	Seq_sempervirens	NA	NA	NA	NA
#Taiwania	Tai_cryptomerioides	132588	NONE	NONE	NONE
#Taiwania	Tai_flousiana	131413	NONE	NONE	NONE
#Amentotaxus	Ame_argotaenia	136657	NONE	NONE	NONE
#Amentotaxus	Ame_formosana	136430	NONE	NONE	NONE
#Cephalotaxus	Cephalo_oliveri	134337	NONE	NONE	NONE
#Cephalotaxus	Cephalo_wilsoniana	136196	NONE	NONE	NONE
#Taxus	Tax_mairei	NA	NA	NA	NA
#Torreya	Torreya_fargesii	NA	NA	NA	NA
#Bowenia	Bow_serrulata	NA	NA	NA	NA
Cycas	Cyc_debaoensis	162092	88851-113907,137036-162092	1-88850	113908-137035
Cycas	Cyc_panzhihuaensis	162470	20-25064,113997-139041	25065-113996	1-19,139042-162470
Cycas	Cyc_revoluta	162489	1-25066,114045-139110	25067-114044	139111-162489
#Cycas	Cyc_taitungensis	163403	NONE	NONE	NONE
#Ephedra	Eph_equisetina	109518	NONE	NONE	NONE
Ephedra	Eph_foeminea	109584	60782-81143,89223-109584	1-60781	81144-89222
Gnetum	Gn_gnemon	115022	66592-86642,94972-115022	1-66591	86643-94971
#Gnetum	Gn_montanum	115019	NONE	NONE	NONE
#Gnetum	Gn_parvifolium	114914	NONE	NONE	NONE
Gnetum	Gn_ula	113249	8613-28384,37176-56947	1-8612,56948-113249	28385-37175
#Abies	Abi_koreana	NA	NA	NA	NA
#Cathaya	Cathaya_argyrophylla	NA	NA	NA	NA
#Cedrus	Ced_deodara	NA	NA	NA	NA
#Keteleeria	Ke_davidiana	NA	NA	NA	NA
#Larix	Lar_decidua	NA	NA	NA	NA
#Picea	Pic_abies	124084	NONE	NONE	NONE
#Picea	Pic_glauca	123266	NONE	NONE	NONE
#Picea	Pic_jezoensis	124146	NONE	NONE	NONE
#Picea	Pic_morrisonicola	124168	NONE	NONE	NONE
#Picea	Pic_sitchensis	120176	NONE	NONE	NONE
#Pinus	Pinus_armandii	117265	NONE	NONE	NONE
#Pinus	Pinus_bungeana	117861	NONE	NONE	NONE
#Pinus	Pinus_contorta	120438	NONE	NONE	NONE
#Pinus	Pinus_gerardiana	117618	NONE	NONE	NONE
#Pinus	Pinus_koraiensis	117190	NONE	NONE	NONE
#Pinus	Pinus_krempfii	116989	NONE	NONE	NONE
#Pinus	Pinus_lambertiana	117239	NONE	NONE	NONE
#Pinus	Pinus_longaeva	117726	NONE	NONE	NONE
#Pinus	Pinus_massoniana	119739	NONE	NONE	NONE
#Pinus	Pinus_monophylla	116479	NONE	NONE	NONE
#Pinus	Pinus_nelsonii	116834	NONE	NONE	NONE
#Pinus	Pinus_sibirica	116635	NONE	NONE	NONE
#Pinus	Pinus_strobus	115576	NONE	NONE	NONE
#Pinus	Pinus_tabuliformis	119646	NONE	NONE	NONE
#Pinus	Pinus_taeda	121530	NONE	NONE	NONE
#Pinus	Pinus_taiwanensis	119741	NONE	NONE	NONE
#Pinus	Pinus_thunbergii	119707	NONE	NONE	NONE
#Pseudolarix	Pseudol_amabilis	NA	NA	NA	NA
#Pseudotsuga	Pseudot_sinensis_var_wilsoniana	NA	NA	NA	NA
#Tsuga	Ts_chinensis	NA	NA	NA	NA
#Phaeocystis	Phaeo_antarctica	105512	NONE	NONE	NONE
#Phaeocystis	Phaeo_globosa	107461	MULTI	MULTI	MULTI
#Sargassum	Sarg_horneri	124068	NONE	NONE	NONE
Sargassum	Sarg_thunbergii	124592	1-5271,78940-84210	5272-78939	84211-124592
Equisetum	Eq_arvense	133309	93543-103691,123161-133309	1-93542	103692-123160
Equisetum	Eq_hyemale	131760	92581-102673,121668-131760	1-92580	102674-121667
Angiopteris	Angi_angustifolia	153596	89709-111384,131921-153596	1-89708	111385-131920
Angiopteris	Angi_evecta	153901	89710-110762,132849-153901	1-89709	110763-132848
Cyrtomium	Cyr_devexiscapulae	151684	82454-106256,127882-151684	1-82453	106257-127881
Cyrtomium	Cyr_falcatum	151628	82752-106161,128219-151628	1-82751	106162-128218
#Bangia	Ban_atropurpurea	NA	NA	NA	NA
#Porphyra	Porphyra_purpurea	NA	NA	NA	NA
#Pyropia	Pyro_haitanensis	195597	NONE	NONE	NONE
#Pyropia	Pyro_perforata	189789	NONE	NONE	NONE
#Pyropia	Pyro_pulchra	194175	NONE	NONE	NONE
#Pyropia	Pyro_yezoensis	191952	NONE	NONE	NONE
#Wildemania	Wil_schizophylla	NA	NA	NA	NA
#Ceramium	Ceram_cimbricum	171923	NONE	NONE	NONE
#Ceramium	Ceram_japonicum	171634	NONE	NONE	NONE
#Gelidium	Gelidi_elegans	174748	NONE	NONE	NONE
#Gelidium	Gelidi_vagum	179853	NONE	NONE	NONE
#Gracilaria	Gracilaria_chilensis	185637	NONE	NONE	NONE
#Gracilaria	Gracilaria_chorda	182459	NONE	NONE	NONE
#Gracilaria	Gracilaria_salicornia	179757	NONE	NONE	NONE
#Gracilaria	Gracilaria_tenuistipitata_var_liui	183883	NONE	NONE	NONE
#Gracilariopsis	Gracilario_lemaneiformis	NA	NA	NA	NA
#Apophlaea	Apop_sinclairii	NA	NA	NA	NA
#Hildenbrandia	Hild_rivularis	189725	NONE	NONE	NONE
#Hildenbrandia	Hild_rubra	180141	NONE	NONE	NONE
#Dermonema	Der_virens	NA	NA	NA	NA
#Helminthocladia	Helminthoc_australis	NA	NA	NA	NA
#Helminthora	Helminthora_furcellata	NA	NA	NA	NA
#Hommersandiophycus	Hom_borowitzkae	NA	NA	NA	NA
#Izziella	Iz_formosana	NA	NA	NA	NA
#Liagora	Liagora_brachyclada	182937	NONE	NONE	NONE
#Liagora	Liagora_harveyana	182933	NONE	NONE	NONE
#Liagoropsis	Liagoro_maxima	NA	NA	NA	NA
#Neoizziella	Neoi_asiatica	NA	NA	NA	NA
#Titanophycus	Tit_setchellii	NA	NA	NA	NA
#Trichogloeopsis	Tric_pedicellata	NA	NA	NA	NA
#Yamadaella	Ya_caenomyce	NA	NA	NA	NA
#Porphyridium	Porphyri_purpureum	217694	NONE	NONE	NONE
#Porphyridium	Porphyri_sordidum	259429	NONE	NONE	NONE
